sid,status,raw,source_sha256,source_group,complete_ac,low_cases,exact_zero_cases,paths,submitTime
149486,TimeLimitExceeded,0,4539dac048ef2983746536effd715f5b2f423cd5f370fa567197baafe9f3f3bc,first_in_cohort,False,[],[],[],2026-09-26T19:23:04.000Z
149489,TimeLimitExceeded,0,51fa76339c859885c7a3a9086ff0f665e69f7f996ea3f0003dfbde9653185990,first_in_cohort,False,[],[],[],2026-09-26T19:33:05.000Z
149493,Accepted,85.17,c23394ec00deb6d76e0cb9416dbad05fb5a0182219c2a6bbf7935967dc64a471,first_in_cohort,True,"[11, 12]",[12],[],2026-09-26T19:43:51.000Z
149496,Accepted,82.17,866c691d1e42ed002be27dd7face0aaa9d9721ce043833f3fa943d071ed760c9,first_in_cohort,True,[],[],[],2026-09-26T19:50:31.000Z
149499,Accepted,82.25,5cfd6a80d066d8a729ff1b6741541c1c70df7df75eeffe40c67440d4fe962a3c,first_in_cohort,True,[],[],[],2026-09-26T19:52:37.000Z
149502,Accepted,82,9efde7b97623e32159004afc89f4f796cfb77905e2d3b985693b2fb5ede800e4,first_in_cohort,True,[],[],[],2026-09-26T19:55:09.000Z
149503,Accepted,82.17,9efde7b97623e32159004afc89f4f796cfb77905e2d3b985693b2fb5ede800e4,repeat_in_cohort,True,[],[],[],2026-09-26T19:57:23.000Z
149505,Accepted,82.08,5cfd6a80d066d8a729ff1b6741541c1c70df7df75eeffe40c67440d4fe962a3c,repeat_in_cohort,True,[],[],[],2026-09-26T19:59:20.000Z
149506,Accepted,82,9efde7b97623e32159004afc89f4f796cfb77905e2d3b985693b2fb5ede800e4,repeat_in_cohort,True,[],[],[],2026-09-26T20:01:30.000Z
149508,Accepted,82.17,5cfd6a80d066d8a729ff1b6741541c1c70df7df75eeffe40c67440d4fe962a3c,repeat_in_cohort,True,[],[],[],2026-09-26T20:03:28.000Z
149509,Accepted,82.17,d20067ab97c8fef64f115c8e69159c9b5c40d99e2f3d62a730c79b5078616f0f,first_in_cohort,True,[],[],[],2026-09-26T20:05:57.000Z
149510,Accepted,82.25,5cfd6a80d066d8a729ff1b6741541c1c70df7df75eeffe40c67440d4fe962a3c,repeat_in_cohort,True,[],[],[],2026-09-26T20:08:47.000Z
149511,Accepted,81.92,d20067ab97c8fef64f115c8e69159c9b5c40d99e2f3d62a730c79b5078616f0f,repeat_in_cohort,True,[],[],[],2026-09-26T20:10:52.000Z
149513,Accepted,82.83,5cfd6a80d066d8a729ff1b6741541c1c70df7df75eeffe40c67440d4fe962a3c,repeat_in_cohort,True,[],[],[],2026-09-26T20:12:49.000Z
149514,Accepted,82.17,d20067ab97c8fef64f115c8e69159c9b5c40d99e2f3d62a730c79b5078616f0f,repeat_in_cohort,True,[],[],[],2026-09-26T20:14:54.000Z
149515,Accepted,82,5cfd6a80d066d8a729ff1b6741541c1c70df7df75eeffe40c67440d4fe962a3c,repeat_in_cohort,True,[],[],[],2026-09-26T20:16:51.000Z
149516,Accepted,82,b9292711f8a11aaf19682852c69d11159856b7b83d040d1e7af9538b8d10c483,first_in_cohort,True,[],[],[],2026-09-26T20:19:06.000Z
149517,Accepted,82.25,5cfd6a80d066d8a729ff1b6741541c1c70df7df75eeffe40c67440d4fe962a3c,repeat_in_cohort,True,[],[],[],2026-09-26T20:21:16.000Z
149518,Accepted,83.08,2b70df5f5e903470c19d450e1bfacdd0e5cbf0859ded3afeb0ab712608a25c4d,first_in_cohort,True,[],[],[],2026-09-26T20:23:24.000Z
149519,Accepted,82.17,5cfd6a80d066d8a729ff1b6741541c1c70df7df75eeffe40c67440d4fe962a3c,repeat_in_cohort,True,[],[],[],2026-09-26T20:25:43.000Z
149520,Accepted,84.83,a6442ca8d4a717f2e52b4769b697c623c125ab0fd62ce1bf7d859c25d6dcca07,first_in_cohort,True,"[10, 11, 12]",[],[],2026-09-26T20:28:08.000Z
149521,Accepted,82.08,5cfd6a80d066d8a729ff1b6741541c1c70df7df75eeffe40c67440d4fe962a3c,repeat_in_cohort,True,[],[],[],2026-09-26T20:31:54.000Z
149522,Accepted,82.17,a6442ca8d4a717f2e52b4769b697c623c125ab0fd62ce1bf7d859c25d6dcca07,repeat_in_cohort,True,[],[],[],2026-09-26T20:34:07.000Z
149524,Accepted,82,5cfd6a80d066d8a729ff1b6741541c1c70df7df75eeffe40c67440d4fe962a3c,repeat_in_cohort,True,[],[],[],2026-09-26T20:36:04.000Z
149526,Accepted,84.92,fc7f81eb7109b0d4eb3af5aecf88088c76509f105826baa24933b5a6cbb06cc5,first_in_cohort,True,"[10, 11, 12]",[],[],2026-09-26T20:39:08.000Z
149528,Accepted,82.33,b2a91c9acf7f6f43db256c1bf0f33314c44b05d32c16d323f7a570f9243c9749,first_in_cohort,True,[],[],[],2026-09-26T20:45:23.000Z
149529,Accepted,81.92,5cfd6a80d066d8a729ff1b6741541c1c70df7df75eeffe40c67440d4fe962a3c,repeat_in_cohort,True,[],[],[],2026-09-26T20:47:24.000Z
149530,Accepted,85,b74482e04b4d1a4a226dc616670e57af72598d8f8bd1d2391376b0d870590fa3,first_in_cohort,True,"[10, 11, 12]",[],[],2026-09-26T20:54:59.000Z
149532,Accepted,82.08,a6442ca8d4a717f2e52b4769b697c623c125ab0fd62ce1bf7d859c25d6dcca07,repeat_in_cohort,True,[],[],[],2026-09-26T21:03:08.000Z
149534,Accepted,82.08,b74482e04b4d1a4a226dc616670e57af72598d8f8bd1d2391376b0d870590fa3,repeat_in_cohort,True,[],[],[],2026-09-26T21:09:11.000Z
149536,Accepted,82.42,440728b076a786ca72e3da1fd97a01bb5185f8051f7f612c75ea51dd1c85b5bc,first_in_cohort,True,[],[],[],2026-09-26T21:12:04.000Z
149600,Accepted,82.17,4d8ac8af6e517a98c6d99f2aff96b9a60f0bf0344996d4c7e9a9bda849d2213a,first_in_cohort,True,[],[],[],2026-09-27T03:07:29.000Z
149601,Accepted,82.33,a6442ca8d4a717f2e52b4769b697c623c125ab0fd62ce1bf7d859c25d6dcca07,repeat_in_cohort,True,[],[],[],2026-09-27T03:09:29.000Z
149603,Accepted,82.42,d1f1e0697c3e99a86f3d34bea6509755be6f70470a2373ec0bd355819c671f9e,first_in_cohort,True,[],[],[],2026-09-27T03:11:57.000Z
149604,Accepted,82.42,d1f1e0697c3e99a86f3d34bea6509755be6f70470a2373ec0bd355819c671f9e,repeat_in_cohort,True,[],[],[],2026-09-27T03:14:17.000Z
149606,Accepted,82.17,a6442ca8d4a717f2e52b4769b697c623c125ab0fd62ce1bf7d859c25d6dcca07,repeat_in_cohort,True,[],[],[],2026-09-27T03:16:11.000Z
149609,Accepted,83.5,965def0ea019519a0c598e2f66ae5874c5bc0e9a48f1b6f9656baf2d93bc39a6,first_in_cohort,True,[10],[],[],2026-09-27T03:21:35.000Z
149612,Accepted,81.92,6f7b6c9112adf5b1e9a8a42791196c8401194199f856ce0e452eaaa2b947fe1c,first_in_cohort,True,[],[],[],2026-09-27T03:25:22.000Z
149614,Accepted,82.33,c1ee369f4d0430a1123187158883ed0ad97d250d4c61b4c68f2ac10f181fabb0,first_in_cohort,True,[],[],[],2026-09-27T03:28:23.000Z
149630,Accepted,82.33,87f33377bc2e14481edbe7287ee4e5ba7d64015b67894cafa610ddc4cc8cfa6d,first_in_cohort,True,[],[],[],2026-09-27T04:00:37.000Z
149635,WrongAnswer,0,48f880aff32946af701e1f6d4e94225d8de2a07d564ae4a5809ef1d4164f521f,first_in_cohort,False,[],[],[],2026-09-27T04:09:19.000Z
149636,Accepted,82.08,ffb93da83ba36bc10985917a54dc0f489c057d6d1d465eda686948d588884a0d,first_in_cohort,True,[],[],[],2026-09-27T04:11:11.000Z
149639,Accepted,83.5,e4fa1704f87f1b089b17d649f00cdae33d0fd7d9ec34f7d1f4689d76e6944f6f,first_in_cohort,True,[],[],[],2026-09-27T04:15:18.000Z
149643,Accepted,82.08,9dea5de442157955804a923d57eeb40f6b4e67430a6dffb8e2e90e46626d898d,first_in_cohort,True,[],[],[],2026-09-27T04:23:58.000Z
149647,TimeLimitExceeded,0,5678ed2e5e0e84bf28f8dddc2c4341ac464d9ee1b73a9a3003643a7a24330ae1,first_in_cohort,False,[],[],[],2026-09-27T04:27:13.000Z
149653,Accepted,82,c9757429e12909e4b69ed406de2305cb69100ccfbb0dea8e6956308195753ee8,first_in_cohort,True,[],[],[],2026-09-27T04:37:44.000Z
149659,Accepted,82.25,d0303f0ded4b948f21356d56948d0253667f74ac83c686835683c1ff7fe0c772,first_in_cohort,True,[],[],[],2026-09-27T04:44:32.000Z
149665,Accepted,82.08,d1f1e0697c3e99a86f3d34bea6509755be6f70470a2373ec0bd355819c671f9e,repeat_in_cohort,True,[],[],[],2026-09-27T04:47:31.000Z
149674,WrongAnswer,75.25,d482faee8bd25050c83bb8cdc2e5310478e04d4623a5081b637399be63aebf5f,first_in_cohort,False,[],[],[],2026-09-27T05:27:54.000Z
149676,WrongAnswer,75.08,82a85cc3699340cc4bfd805e7ced2c33cea445f8666ec345075b4fecfa18d853,first_in_cohort,False,[],[],[],2026-09-27T05:32:09.000Z
149680,Accepted,82.17,63117da967202f46e6694e9c07fbe74e673aeeec620bcc34d70367022a613d34,first_in_cohort,True,[],[],[],2026-09-27T05:37:51.000Z
149684,Accepted,82.17,d1f1e0697c3e99a86f3d34bea6509755be6f70470a2373ec0bd355819c671f9e,repeat_in_cohort,True,[],[],[],2026-09-27T05:40:12.000Z
149687,Accepted,82.5,a7b5724ec7cfd1776648a3ad1b0d33e8f80ca05cf54913fed501ed54039826de,first_in_cohort,True,[],[],[],2026-09-27T05:43:02.000Z
149690,Accepted,82.08,d1f1e0697c3e99a86f3d34bea6509755be6f70470a2373ec0bd355819c671f9e,repeat_in_cohort,True,[],[],[],2026-09-27T05:48:50.000Z
149695,Accepted,82.08,a7b5724ec7cfd1776648a3ad1b0d33e8f80ca05cf54913fed501ed54039826de,repeat_in_cohort,True,[],[],[],2026-09-27T05:52:30.000Z
149700,Accepted,83.25,760c949d33eac1ad57da676a857f6eec681e2ebe3fc5d6831c5decdbeca8a86f,first_in_cohort,True,[],[],[],2026-09-27T05:58:42.000Z
149702,Accepted,82.08,d1f1e0697c3e99a86f3d34bea6509755be6f70470a2373ec0bd355819c671f9e,repeat_in_cohort,True,[],[],[],2026-09-27T06:00:54.000Z
149703,Accepted,82.17,760c949d33eac1ad57da676a857f6eec681e2ebe3fc5d6831c5decdbeca8a86f,repeat_in_cohort,True,[],[],[],2026-09-27T06:03:07.000Z
149707,WrongAnswer,0,d5bbd1fa7e4d60fecd9bd14970ac3e1d1f5493ced628e88ddc1ad011b8506ce3,first_in_cohort,False,[],[],[],2026-09-27T06:07:50.000Z
149710,WrongAnswer,0,19f701043c37900ef82d08c5a3242f8098380883e39fbfbc45b91d2b9ead7924,first_in_cohort,False,[],[],[],2026-09-27T06:10:47.000Z
149712,Canceled,,dd28f582d74ae445d8fd78066e20ae20889e7272fbb34cefc13d8d0c6766e195,first_in_cohort,False,[],[],[],2026-09-27T06:12:39.000Z
149724,Canceled,,eae74aa12da4d629f8f09e8ecae979229aa581b218d5f7abae135bfd62ea98a1,first_in_cohort,False,[],[],[],2026-09-27T06:27:20.000Z
149732,Canceled,,89f66d380fc7b1bc97c8fa9f6b00c57b580e55f1dca3ec6dffb2320ea1bb92b5,first_in_cohort,False,[],[],[],2026-09-27T06:34:47.000Z
149735,Accepted,82.08,d1f1e0697c3e99a86f3d34bea6509755be6f70470a2373ec0bd355819c671f9e,repeat_in_cohort,True,[],[],[],2026-09-27T06:43:18.000Z
149740,Accepted,81,6d580141fed043886336652e5d9347d5072d538a60529f8a43f053fefe199e9c,first_in_cohort,True,[],[],[],2026-09-27T06:47:09.000Z
149742,Canceled,,51ea1a2204af0c385754e2e6f10c80efd602e974747fb017e7db392e3ae92e16,first_in_cohort,False,[],[],[],2026-09-27T06:50:57.000Z
149745,Accepted,83,fcb81b818bd114b4fc22c582953c6b9ec3b0d0f1eb39a986a979cb2f33d9ab6f,first_in_cohort,True,[],[],[],2026-09-27T06:55:13.000Z
149747,WrongAnswer,0,b7a7d6f68b9ff5a9a4fa79baa9760bbd88c0f779bf2db9a5f5232642dac9fd66,first_in_cohort,False,[],[],[],2026-09-27T06:57:52.000Z
149751,WrongAnswer,0,c551e37c010dd476b1145a5bcc397a8c5d58fb30a7551227ff4dc6060eb816a3,first_in_cohort,False,[],[],[],2026-09-27T06:59:53.000Z
149752,Accepted,81.83,ffba04a4943fe89c4ff5b093733e2b265fb7418c9cb90f744078469a8ade72b7,first_in_cohort,True,[],[],[],2026-09-27T07:01:27.000Z
149753,WrongAnswer,0,d26402cd9df4dc16213efd9138865df821ac9ebde08a6f331857a0675bcbb333,first_in_cohort,False,[],[],[],2026-09-27T07:03:57.000Z
149754,WrongAnswer,0,c22351235f82e5b8402443993213800e18d20235273daab3c9483352d5f9645b,first_in_cohort,False,[],[],[],2026-09-27T07:06:04.000Z
149756,WrongAnswer,0,b3e8b67e9c0ca9dcf8204aba24fdbe7bb5b35be4fa17d1fa62d637c2aa05b3b4,first_in_cohort,False,[],[],[],2026-09-27T07:08:09.000Z
149758,WrongAnswer,0,93c161bf39823680f0033cd037686faff91f955f12df4a133f2161ed713a028e,first_in_cohort,False,[],[],[],2026-09-27T07:13:36.000Z
149759,WrongAnswer,0,5e1c8a0a364091db49b835320b8c6dbcbf2f251189c1c00ecb58f2a5d5efdbf3,first_in_cohort,False,[],[],[],2026-09-27T07:15:58.000Z
149765,WrongAnswer,0,1c6a9aaafa5ad67da40b56d1ed734dddb91642a976f9269c985a0fd023311100,first_in_cohort,False,[],[],[],2026-09-27T07:26:02.000Z
149766,WrongAnswer,0,4ef9d818f19fa1aea711f9e794d7762a958925c0a047ca212228080b8e13210d,first_in_cohort,False,[],[],[],2026-09-27T07:27:51.000Z
149768,Accepted,82.17,be42c1f22b65e27c6411f3396b2199a98f42faebe5b42679f94aea1a25d1e057,first_in_cohort,True,[],[],[],2026-09-27T07:29:54.000Z
149772,Accepted,82.08,d1f1e0697c3e99a86f3d34bea6509755be6f70470a2373ec0bd355819c671f9e,repeat_in_cohort,True,[],[],[],2026-09-27T07:33:01.000Z
149773,Accepted,82.08,bba0ccd1bd5c9c5c2ee9d1699a9d43050090033b3459fb09281917a401cd6213,first_in_cohort,True,[],[],[],2026-09-27T07:36:02.000Z
149775,Accepted,82.25,55a565344a87b7ee7a8f2af908a8928494d8567d804bd920ee005c32997ced84,first_in_cohort,True,[],[],[],2026-09-27T07:38:48.000Z
149777,Accepted,82.17,024251f1f3918d4b41624baad095a490a08f4f2be4e4412f2f73861ee76fdb86,first_in_cohort,True,[],[],[],2026-09-27T07:41:16.000Z
149782,Accepted,82.33,488ef15d586d1c0ea8440b7eada20b633e6c9be593564a134c3023aa23e8b840,first_in_cohort,True,[],[],[],2026-09-27T07:43:35.000Z
149784,Accepted,82.25,f54ff731cb5ae8193e992c9cddf42f0390b14bc6add1d18ced300db9d956af69,first_in_cohort,True,[],[],[],2026-09-27T07:45:55.000Z
149787,Accepted,82.08,36eef7b33d0c0bd894481a517f5852c317283dcd5a882f0be93dab62d7754f88,first_in_cohort,True,[],[],[],2026-09-27T07:48:51.000Z
149911,Accepted,82.33,ff51261a14482ea2177794419334fede7e421f10bab95306c730ed1c5274f520,first_in_cohort,True,[],[],[],2026-09-27T11:10:51.000Z
149915,Accepted,82.42,2748d929ca024e7d967b01e2a17c5b8f371b65cfc89e1ce78abb37fae209d1ec,first_in_cohort,True,[],[],[],2026-09-27T11:18:09.000Z
149917,Accepted,82,515b342ead028a2994e3e497eefc57c66a63a2b844f0df143febe2c2fb72255e,first_in_cohort,True,[],[],[],2026-09-27T11:20:25.000Z
149920,Accepted,82.17,efbd47f0e57e2e957109751eb7fa9b5ef94d01a2f46e02360fea58cc99351edc,first_in_cohort,True,[],[],[],2026-09-27T11:22:43.000Z
149922,Accepted,82.08,d57a4b9c082168e0a6801ca5adecb742ceedcd7363d4df5252224f3704748742,first_in_cohort,True,[],[],[],2026-09-27T11:25:02.000Z
149925,WrongAnswer,26.08,132f0e51d89aafc22009b24440a048b762bd808a61866bc75cd82b366db296b2,first_in_cohort,False,[],[],[],2026-09-27T11:27:31.000Z
149930,Accepted,82.42,436f0a227678eb9caa255627837727f066884bbeb4bd4a0a829d08155353c8fc,first_in_cohort,True,[],[],[],2026-09-27T11:30:36.000Z
149932,Accepted,82.08,f54ff731cb5ae8193e992c9cddf42f0390b14bc6add1d18ced300db9d956af69,repeat_in_cohort,True,[],[],[],2026-09-27T11:33:11.000Z
149935,Accepted,82.08,436f0a227678eb9caa255627837727f066884bbeb4bd4a0a829d08155353c8fc,repeat_in_cohort,True,[],[],[],2026-09-27T11:35:24.000Z
149938,Accepted,82.83,3f51a2af1d474d2e46bb796ea7763154aa73ada3bfa1b01eccc4235a661d7eb9,first_in_cohort,True,[],[],[],2026-09-27T11:37:48.000Z
149943,Accepted,82.08,833b7201794408d1bd546d0164c989007b1816c4ab75d8c24d14cf6f7465170d,first_in_cohort,True,[],[],[],2026-09-27T11:42:41.000Z
149947,Accepted,82.5,83daa6d5966e9d00544a25e87ce027ec5c21204e5d68c151ba40b5d9499937e7,first_in_cohort,True,[],[],[],2026-09-27T11:45:41.000Z
149951,WrongAnswer,0,33ef075f22430ea4f401b89ad1516b7d67d78902e1511058113a2f6cbc905811,first_in_cohort,False,[],[],[],2026-09-27T11:48:17.000Z
149952,Canceled,,29e245f7107f61c6e9bd99ff928d06cba2d8602d92d61169cefe28e355ac5426,first_in_cohort,False,[],[],[],2026-09-27T11:49:54.000Z
149959,WrongAnswer,0,c501adda1ab80c110e51f7dc4af70903f9db96b0d71b56bf116e7715aba54e67,first_in_cohort,False,[],[],[],2026-09-27T11:55:01.000Z
149969,Canceled,,1fbaf708a9807fbc36ff0663fabc6e9de1dc16d58a8053b26074467f56ee7137,first_in_cohort,False,[],[],[],2026-09-27T12:01:15.000Z
149970,WrongAnswer,0,1a4185e4c52711341f0e0a0bd7c86c0cdf1030e3e008b8464069409eb448315a,first_in_cohort,False,[],[],[],2026-09-27T12:06:18.000Z
149972,WrongAnswer,13.08,28c80e6eadfc975c5e31bf07427a816ad433e4a5d97b337ad0a582625b6cd664,first_in_cohort,False,[],[],[],2026-09-27T12:09:46.000Z
150002,WrongAnswer,0,81399708b99ab8edb3ac5487aa5b4d464a109d576464330ab6841951d452f101,first_in_cohort,False,[],[],[],2026-09-27T13:02:05.000Z
150008,Accepted,82.75,9e948d55fc7a4020c1e6ed0c0a5cc00610363f22e1048ce487fabdbe3cc75643,first_in_cohort,True,[],[],[],2026-09-27T13:06:52.000Z
150917,Accepted,82.67,436f0a227678eb9caa255627837727f066884bbeb4bd4a0a829d08155353c8fc,repeat_in_cohort,True,[],[],[],2026-09-28T17:54:40.000Z
150920,Accepted,81.67,9e948d55fc7a4020c1e6ed0c0a5cc00610363f22e1048ce487fabdbe3cc75643,repeat_in_cohort,True,[],[],[],2026-09-28T17:56:38.000Z
150923,Accepted,82.33,0b106a0f179360b5ba31dccb6a8a859d449b4e00791d495c10fd21f9c23cd73b,first_in_cohort,True,[],[],[],2026-09-28T18:00:17.000Z
150926,Accepted,81.75,436f0a227678eb9caa255627837727f066884bbeb4bd4a0a829d08155353c8fc,repeat_in_cohort,True,[],[],[],2026-09-28T18:03:16.000Z
150928,TimeLimitExceeded,0,c5c59201fc804f9e6d4688dcbb0087efea442de18334db6a68192eef4067b8c4,first_in_cohort,False,[],[],[],2026-09-28T18:06:14.000Z
150934,Accepted,81.83,436f0a227678eb9caa255627837727f066884bbeb4bd4a0a829d08155353c8fc,repeat_in_cohort,True,[],[],[],2026-09-28T18:15:07.000Z
150936,Accepted,81.75,0b106a0f179360b5ba31dccb6a8a859d449b4e00791d495c10fd21f9c23cd73b,repeat_in_cohort,True,[],[],[],2026-09-28T18:17:06.000Z
150941,Accepted,84.5,1526ea9559af7da41743504d8a69a550d3f4801a0c0d34d135f63552d79f3e83,first_in_cohort,True,"[11, 12]",[12],[],2026-09-28T18:22:54.000Z
150942,Accepted,81.92,436f0a227678eb9caa255627837727f066884bbeb4bd4a0a829d08155353c8fc,repeat_in_cohort,True,[],[],[],2026-09-28T18:26:27.000Z
150943,Accepted,81.83,436f0a227678eb9caa255627837727f066884bbeb4bd4a0a829d08155353c8fc,repeat_in_cohort,True,[],[],[],2026-09-28T18:28:30.000Z
150945,Accepted,81.75,1526ea9559af7da41743504d8a69a550d3f4801a0c0d34d135f63552d79f3e83,repeat_in_cohort,True,[],[],[],2026-09-28T18:30:28.000Z
150961,WrongAnswer,69.17,75e59e1132b934b5d25e956ca38dbf7b2bf232964b73de77157b6b4513bc9671,first_in_cohort,False,[],[],[],2026-09-28T19:24:43.000Z
150964,Accepted,81.33,df31a8e1ad102c7d19f76461ed30632154499b9eb7844ce11a881ba7ea0745b7,first_in_cohort,True,[],[],[],2026-09-28T19:27:42.000Z
150965,Accepted,81.5,1babc7dd37bb51f39ec5e03927480a97f1780090cc9ce9773fa2499443e1ed53,first_in_cohort,True,[],[],[],2026-09-28T19:31:37.000Z
150966,WrongAnswer,69.25,e94d9ab2b84c1dffc465a6850bb6991e95b62d3739c5f4d1856f3882cdda895a,first_in_cohort,False,[],[],[],2026-09-28T19:39:29.000Z
150967,WrongAnswer,69.17,8fb78adf25b6e5284b510142db0aa33e618db0d7c9be6c4ad2fba1c138f9a934,first_in_cohort,False,[],[],[],2026-09-28T19:42:48.000Z
150969,WrongAnswer,69,e35700fbd4d09f666308fd79e9a7a702a8678e86f2fd6ab42c74373a50ee5753,first_in_cohort,False,[],[],[],2026-09-28T19:46:07.000Z
150973,WrongAnswer,69.08,f1e8868870a4791c102690f664fc4e7e2cdb7bc575ebf0d918c2f762b0b05e51,first_in_cohort,False,[],[],[],2026-09-28T19:50:42.000Z
150976,TimeLimitExceeded,0,606cb73bb56f4f68b89c6d78a66f0f0f954eb15e57482998a14883c6617aa1d2,first_in_cohort,False,[],[],[],2026-09-28T19:54:25.000Z
151045,WrongAnswer,69.42,2bfbde97c28a13e9ff1f176a093b510e14dff794a0e264707b4480f7f791cb14,first_in_cohort,False,[],[],[],2026-09-29T03:50:36.000Z
151051,Accepted,81.83,86f03a20fbfe949b2bc24e12d1df999010faa6c0cd6b447f35b0baa433d601dc,first_in_cohort,True,[],[],[],2026-09-29T03:55:26.000Z
151056,WrongAnswer,0,2e5a6138ff2997ccf7a16bd105b041c29389b70540ee6469f11b7abcc52470ed,first_in_cohort,False,[],[],[],2026-09-29T03:58:42.000Z
151061,Accepted,81.75,a6b355a38b285448ff376605880325a263da3a01462629e919ab2f0dcc2e90db,first_in_cohort,True,[],[],[],2026-09-29T04:07:28.000Z
151064,WrongAnswer,71.67,1f02f5e2bec991bb12566f818188dc315be5a0e53f7915b136f900b0ce5290d8,first_in_cohort,False,"[11, 12]",[12],[],2026-09-29T04:11:02.000Z
151071,Accepted,81.83,436f0a227678eb9caa255627837727f066884bbeb4bd4a0a829d08155353c8fc,repeat_in_cohort,True,[],[],[],2026-09-29T04:14:45.000Z
151076,WrongAnswer,69.08,0292276fa590c5d6c567ef2b954711a726ce51e8de1679d14f40eeecb77223b2,first_in_cohort,False,[],[],[],2026-09-29T04:17:18.000Z
151078,WrongAnswer,0,2b3000dedee4693c6b10d8fd8d9c37aa9f83087a0763f5513d064128e8639e9d,first_in_cohort,False,[],[],[],2026-09-29T04:20:33.000Z
151081,WrongAnswer,0,5fd2b81b0cb069ef7f2bcf7c89184ec55d953155606b38ce2abbb1b749b0ce63,first_in_cohort,False,[],[],[],2026-09-29T04:23:38.000Z
151082,WrongAnswer,0,dd084491c88a308439254ce8eaf24664c74228c5e973cf927cbf54c973221c75,first_in_cohort,False,[],[],[],2026-09-29T04:26:55.000Z
151086,WrongAnswer,69.08,2240ff36ea474244281b701dc1c16e3e5629e22fe5d59f58c989ee617433af9e,first_in_cohort,False,[],[],[],2026-09-29T04:28:52.000Z
151096,Accepted,81.67,6c75ad4907f06376e08abe64d5f22be3464117e97d532fbe9febadec96a4c795,first_in_cohort,True,[],[],[],2026-09-29T04:38:51.000Z
151099,Accepted,81.92,93b08483817081e099a456109cb1145f971031ce6a10e858e74177dca87a06ef,first_in_cohort,True,[],[],[],2026-09-29T04:41:57.000Z
151103,Accepted,81.83,436f0a227678eb9caa255627837727f066884bbeb4bd4a0a829d08155353c8fc,repeat_in_cohort,True,[],[],[],2026-09-29T04:45:27.000Z
151105,Accepted,81.92,436f0a227678eb9caa255627837727f066884bbeb4bd4a0a829d08155353c8fc,repeat_in_cohort,True,[],[],[],2026-09-29T04:47:11.000Z
151107,Accepted,81.83,436f0a227678eb9caa255627837727f066884bbeb4bd4a0a829d08155353c8fc,repeat_in_cohort,True,[],[],[],2026-09-29T04:47:42.000Z
151109,Canceled,,436f0a227678eb9caa255627837727f066884bbeb4bd4a0a829d08155353c8fc,repeat_in_cohort,False,[],[],[],2026-09-29T04:48:13.000Z
151111,Canceled,,436f0a227678eb9caa255627837727f066884bbeb4bd4a0a829d08155353c8fc,repeat_in_cohort,False,[],[],[],2026-09-29T04:48:45.000Z
151112,Canceled,,436f0a227678eb9caa255627837727f066884bbeb4bd4a0a829d08155353c8fc,repeat_in_cohort,False,[],[],[],2026-09-29T04:49:17.000Z
151117,Canceled,,436f0a227678eb9caa255627837727f066884bbeb4bd4a0a829d08155353c8fc,repeat_in_cohort,False,[],[],[],2026-09-29T04:55:52.000Z
151118,Canceled,,436f0a227678eb9caa255627837727f066884bbeb4bd4a0a829d08155353c8fc,repeat_in_cohort,False,[],[],[],2026-09-29T04:56:25.000Z
151119,Canceled,,436f0a227678eb9caa255627837727f066884bbeb4bd4a0a829d08155353c8fc,repeat_in_cohort,False,[],[],[],2026-09-29T04:56:56.000Z
151122,Canceled,,5454ffa7ac17f66b6ed67a95a31e97f14264a1626939c0d57ffe9f2f6f17ec89,first_in_cohort,False,[],[],[],2026-09-29T05:00:28.000Z
151132,Canceled,,7fa56f64d55dc2631bbd7ebae43204389831117b8bec97af358f3eee82787ea5,first_in_cohort,False,[],[],[],2026-09-29T05:10:10.000Z
151162,Accepted,81.67,f4694b80509ff33840cbe774f21ebbf712f7b6744c8d729be5dcad1fccb9fc24,first_in_cohort,True,[],[],[],2026-09-29T05:55:19.000Z
151166,Accepted,82.25,436f0a227678eb9caa255627837727f066884bbeb4bd4a0a829d08155353c8fc,repeat_in_cohort,True,[],[],[],2026-09-29T05:57:51.000Z
151173,Accepted,82.17,436f0a227678eb9caa255627837727f066884bbeb4bd4a0a829d08155353c8fc,repeat_in_cohort,True,[],[],[],2026-09-29T06:03:11.000Z
151179,Accepted,81.92,436f0a227678eb9caa255627837727f066884bbeb4bd4a0a829d08155353c8fc,repeat_in_cohort,True,[],[],[],2026-09-29T06:05:13.000Z
151191,Canceled,,7fa56f64d55dc2631bbd7ebae43204389831117b8bec97af358f3eee82787ea5,repeat_in_cohort,False,[],[],[],2026-09-29T06:13:15.000Z
151212,Accepted,82.17,2633cc995eb2563e22c1a212df1256141bdc1b520fe841d4dd4c15c0d382e7bf,first_in_cohort,True,[],[],[],2026-09-29T06:25:11.000Z
151219,Accepted,82.08,2633cc995eb2563e22c1a212df1256141bdc1b520fe841d4dd4c15c0d382e7bf,repeat_in_cohort,True,[],[],[],2026-09-29T06:28:24.000Z
151220,Accepted,82,2633cc995eb2563e22c1a212df1256141bdc1b520fe841d4dd4c15c0d382e7bf,repeat_in_cohort,True,[],[],[],2026-09-29T06:28:55.000Z
151222,Accepted,82,2633cc995eb2563e22c1a212df1256141bdc1b520fe841d4dd4c15c0d382e7bf,repeat_in_cohort,True,[],[],[],2026-09-29T06:29:27.000Z
151225,Accepted,81.92,2633cc995eb2563e22c1a212df1256141bdc1b520fe841d4dd4c15c0d382e7bf,repeat_in_cohort,True,[],[],[],2026-09-29T06:29:58.000Z
151226,Accepted,81.83,2633cc995eb2563e22c1a212df1256141bdc1b520fe841d4dd4c15c0d382e7bf,repeat_in_cohort,True,[],[],[],2026-09-29T06:30:29.000Z
151229,Accepted,81.83,2633cc995eb2563e22c1a212df1256141bdc1b520fe841d4dd4c15c0d382e7bf,repeat_in_cohort,True,[],[],[],2026-09-29T06:31:00.000Z
151230,Accepted,81.92,2633cc995eb2563e22c1a212df1256141bdc1b520fe841d4dd4c15c0d382e7bf,repeat_in_cohort,True,[],[],[],2026-09-29T06:31:32.000Z
151231,Canceled,,2633cc995eb2563e22c1a212df1256141bdc1b520fe841d4dd4c15c0d382e7bf,repeat_in_cohort,False,[],[],[],2026-09-29T06:32:03.000Z
151233,Canceled,,2633cc995eb2563e22c1a212df1256141bdc1b520fe841d4dd4c15c0d382e7bf,repeat_in_cohort,False,[],[],[],2026-09-29T06:32:34.000Z
151236,Canceled,,2633cc995eb2563e22c1a212df1256141bdc1b520fe841d4dd4c15c0d382e7bf,repeat_in_cohort,False,[],[],[],2026-09-29T06:33:05.000Z
151238,Canceled,,436f0a227678eb9caa255627837727f066884bbeb4bd4a0a829d08155353c8fc,repeat_in_cohort,False,[],[],[],2026-09-29T06:33:37.000Z
151316,Accepted,82.25,2633cc995eb2563e22c1a212df1256141bdc1b520fe841d4dd4c15c0d382e7bf,repeat_in_cohort,True,[],[],[],2026-09-29T07:44:24.000Z
151319,Accepted,81.83,2633cc995eb2563e22c1a212df1256141bdc1b520fe841d4dd4c15c0d382e7bf,repeat_in_cohort,True,[],[],[],2026-09-29T07:47:39.000Z
151320,Accepted,81.92,2633cc995eb2563e22c1a212df1256141bdc1b520fe841d4dd4c15c0d382e7bf,repeat_in_cohort,True,[],[],[],2026-09-29T07:47:40.000Z
151321,Accepted,81.92,2633cc995eb2563e22c1a212df1256141bdc1b520fe841d4dd4c15c0d382e7bf,repeat_in_cohort,True,[],[],[],2026-09-29T07:48:12.000Z
151322,Canceled,,2633cc995eb2563e22c1a212df1256141bdc1b520fe841d4dd4c15c0d382e7bf,repeat_in_cohort,False,[],[],[],2026-09-29T07:48:18.000Z
151332,Accepted,81.33,9d140d8e08cb58324b5ec7917263186f8fbd61b7a6d3c62b2809e4ebb33cd9b0,first_in_cohort,True,[],[],[],2026-09-29T07:56:58.000Z
151355,Canceled,,11213ba12cf637a7472b383ae5fe200e137621b965901a7a31904a100079e848,first_in_cohort,False,[],[],[],2026-09-29T08:16:54.000Z
151368,Accepted,81.83,2633cc995eb2563e22c1a212df1256141bdc1b520fe841d4dd4c15c0d382e7bf,repeat_in_cohort,True,[],[],[],2026-09-29T08:32:32.000Z
151370,Accepted,81.92,2633cc995eb2563e22c1a212df1256141bdc1b520fe841d4dd4c15c0d382e7bf,repeat_in_cohort,True,[],[],[],2026-09-29T08:33:04.000Z
151373,Accepted,81.83,2633cc995eb2563e22c1a212df1256141bdc1b520fe841d4dd4c15c0d382e7bf,repeat_in_cohort,True,[],[],[],2026-09-29T08:34:51.000Z
151377,Accepted,82,2633cc995eb2563e22c1a212df1256141bdc1b520fe841d4dd4c15c0d382e7bf,repeat_in_cohort,True,[],[],[],2026-09-29T08:39:35.000Z
151378,Accepted,81.83,2633cc995eb2563e22c1a212df1256141bdc1b520fe841d4dd4c15c0d382e7bf,repeat_in_cohort,True,[],[],[],2026-09-29T08:40:05.000Z
151380,Accepted,82.17,436f0a227678eb9caa255627837727f066884bbeb4bd4a0a829d08155353c8fc,repeat_in_cohort,True,[],[],[],2026-09-29T08:40:37.000Z
151787,WrongAnswer,77.33,f04c4ccec648c19fc789f960bc0f8b4e8024d309f0a39303627afdb42a164e33,first_in_cohort,False,"[10, 12]",[12],[],2026-09-29T20:12:00.000Z
151793,Accepted,83.42,d5accd04aaf81c71c28330af298188f8ba7870561752f959fbbc686ad2ba394a,first_in_cohort,True,[12],[12],['experiments/2026-09-30/candidates/v932_c11_slot_last_dn.py'],2026-09-29T20:17:54.000Z
151796,TimeLimitExceeded,0,56a18916b0f40fb95800e8c5b9bb2ea7294a34d637154c74bbbef10ab43e5c41,first_in_cohort,False,[],[],['experiments/2026-09-30/candidates/v933_c11_slot_last_dn_opt.py'],2026-09-29T20:23:09.000Z
151802,TimeLimitExceeded,0,626334e7a0633c3fcaa9bcf6ac292192c20d4d40935270884e68f326cc240296,first_in_cohort,False,[],[],['experiments/2026-09-30/candidates/v934_c11_slot_last_dn_noextras.py'],2026-09-29T20:39:34.000Z
151804,Accepted,81.75,d5accd04aaf81c71c28330af298188f8ba7870561752f959fbbc686ad2ba394a,repeat_in_cohort,True,[],[],['experiments/2026-09-30/candidates/v932_c11_slot_last_dn.py'],2026-09-29T20:45:34.000Z
151805,Accepted,81.83,436f0a227678eb9caa255627837727f066884bbeb4bd4a0a829d08155353c8fc,repeat_in_cohort,True,[],[],[],2026-09-29T20:48:11.000Z
151806,Accepted,81.83,2633cc995eb2563e22c1a212df1256141bdc1b520fe841d4dd4c15c0d382e7bf,repeat_in_cohort,True,[],[],[],2026-09-29T20:50:25.000Z
151807,Accepted,81.92,2633cc995eb2563e22c1a212df1256141bdc1b520fe841d4dd4c15c0d382e7bf,repeat_in_cohort,True,[],[],[],2026-09-29T20:52:35.000Z
151808,Accepted,81.83,436f0a227678eb9caa255627837727f066884bbeb4bd4a0a829d08155353c8fc,repeat_in_cohort,True,[],[],[],2026-09-29T20:54:47.000Z
151862,TimeLimitExceeded,0,eb5ffee8db4012570f083f6cf85acaf36bf1297b880fd55942f02061ead1fc26,first_in_cohort,False,[],[],[],2026-09-30T01:55:26.000Z
151866,Accepted,82.25,2633cc995eb2563e22c1a212df1256141bdc1b520fe841d4dd4c15c0d382e7bf,repeat_in_cohort,True,[],[],[],2026-09-30T02:05:03.000Z
151869,TimeLimitExceeded,0,2f0351bf00fd9f1fd5fc3876468bfb03f19570a2ebe59536fefc8be888f46005,first_in_cohort,False,[],[],['experiments/2026-09-30/candidates/p1_dirA_c11_v1_meas.py'],2026-09-30T02:07:07.000Z
151882,WrongAnswer,67.67,2f0351bf00fd9f1fd5fc3876468bfb03f19570a2ebe59536fefc8be888f46005,repeat_in_cohort,False,[],[],['experiments/2026-09-30/candidates/p1_dirA_c11_v1_meas.py'],2026-09-30T02:17:41.000Z
151885,WrongAnswer,72.5,85cbc921818e03f97353a61589d583062faae155de20fc0294b746a8f54300fd,first_in_cohort,False,"[8, 9, 10]","[9, 10]",['experiments/2026-09-30/candidates/p1_dirA_c11_v3_meas.py'],2026-09-30T02:20:55.000Z
151889,Accepted,81.75,9a7fb88a4b2bc6cd458854a1d94788cf00206b16046701ed85290bd88aaa8b9b,first_in_cohort,True,[],[],['experiments/2026-09-30/candidates/p1_dirA_c11_v4_meas.py'],2026-09-30T02:26:36.000Z
151891,WrongAnswer,67.67,65f98b225c966f905514fc51bee6da61092ae1bc4a6260a95764124ce2d4a708,first_in_cohort,False,[],[],['experiments/2026-09-30/candidates/p1_dirA_c11_v5_meas.py'],2026-09-30T02:29:16.000Z
151893,WrongAnswer,67.67,d00a0ad1daad128de9b792dd9d3411e2e48aad8ee1260320ce90d93b67cb0967,first_in_cohort,False,[],[],['experiments/2026-09-30/candidates/p1_dirA_c11_v6_meas.py'],2026-09-30T02:31:35.000Z
151895,Accepted,85.58,06ba520e204f60940a1b1b559ccf6eb71f7fd2ad54d4f0f16246fb9dd9468288,first_in_cohort,True,"[10, 11, 12]","[11, 12]",['experiments/2026-09-30/candidates/p1_dirA_c11_v7_meas.py'],2026-09-30T02:34:47.000Z
151899,Accepted,81.83,06ba520e204f60940a1b1b559ccf6eb71f7fd2ad54d4f0f16246fb9dd9468288,repeat_in_cohort,True,[],[],['experiments/2026-09-30/candidates/p1_dirA_c11_v7_meas.py'],2026-09-30T02:38:57.000Z
151901,Accepted,81.83,7eccae9b9dd9abb9bdf6da91a577b2b1c51f1dfccec328fbb12e2472ec418baf,first_in_cohort,True,[],[],['experiments/2026-09-30/candidates/p1_dirA_c11_v8_meas.py'],2026-09-30T02:41:16.000Z
151903,Accepted,81.92,7eccae9b9dd9abb9bdf6da91a577b2b1c51f1dfccec328fbb12e2472ec418baf,repeat_in_cohort,True,[],[],['experiments/2026-09-30/candidates/p1_dirA_c11_v8_meas.py'],2026-09-30T02:43:30.000Z
151905,Accepted,81.83,2633cc995eb2563e22c1a212df1256141bdc1b520fe841d4dd4c15c0d382e7bf,repeat_in_cohort,True,[],[],[],2026-09-30T02:46:08.000Z
151912,Accepted,81.92,938ad5c850fb11c828a90d2e9c5e457c141b5981bc4611dc3c684d1cf43ca9bb,first_in_cohort,True,[],[],['experiments/2026-09-30/candidates/p1_dirA_c11_v9_c2clean_meas.py'],2026-09-30T02:49:28.000Z
151918,Accepted,82.75,938ad5c850fb11c828a90d2e9c5e457c141b5981bc4611dc3c684d1cf43ca9bb,repeat_in_cohort,True,[],[],['experiments/2026-09-30/candidates/p1_dirA_c11_v9_c2clean_meas.py'],2026-09-30T02:51:35.000Z
151920,Accepted,81.92,0e66217e3c4bea25534e7e5402bf16ba44c08d3713692035d54087bd78974871,first_in_cohort,True,[],[],['experiments/2026-09-30/candidates/anom_probe/anom_probe_b1.py'],2026-09-30T02:58:49.000Z
151922,Accepted,81.83,940a6cd4e4604efd247dd4ff2b8e29232b1a59a48aca75df020e8e482761d0ee,first_in_cohort,True,[],[],['experiments/2026-09-30/candidates/anom_probe/anom_probe_b2.py'],2026-09-30T03:00:56.000Z
151924,Accepted,81.83,b2b0637d7662a2c103338e4cf84a77f0c43ac3e3bc1163238354fb1cd19c19a1,first_in_cohort,True,[],[],['experiments/2026-09-30/candidates/anom_probe/anom_probe_b3.py'],2026-09-30T03:04:31.000Z
151927,Accepted,81.75,318dd1b8ef17e6e1c1b7f6a78df952f262561f1f1ca5958cdf159ff4997e7a1e,first_in_cohort,True,[],[],['experiments/2026-09-30/candidates/anom_probe/anom_probe_b4.py'],2026-09-30T03:06:38.000Z
151933,Accepted,81.83,8f3c3a1b551916de4dda1aeb6943f6faf74edf224dd493b4e4f880a91702c8aa,first_in_cohort,True,[],[],['experiments/2026-09-30/candidates/anom_probe/anom_probe_c1.py'],2026-09-30T03:12:04.000Z
151937,Accepted,81.83,2666cbb208d32875f225dbd96140179c515281bda6c274757e3fe1d6dcdd488f,first_in_cohort,True,[],[],['experiments/2026-09-30/candidates/anom_probe/anom_probe_b5.py'],2026-09-30T03:21:18.000Z
151941,Accepted,81.83,9e7a5b161fff568e9cf305547788aaa273d379faa3a317801292fde3c515e93d,first_in_cohort,True,[],[],['experiments/2026-09-30/candidates/anom_probe/anom_probe_b6.py'],2026-09-30T03:24:13.000Z
152173,Accepted,82,0f9ae19a66e430d96dc2d1249db76d263fd6badd16697cee711dd955dfdd1eff,first_in_cohort,True,[],[],['experiments/2026-09-30/candidates/anom_probe/anom_probe_c2.py'],2026-09-30T09:33:17.000Z
152176,Accepted,81.83,7cb849a9cbbb429820c45c7bbb6d073057e078a26cc3e6fc2ec1f3cb4dd2b003,first_in_cohort,True,[],[],['experiments/2026-09-30/candidates/anom_probe/anom_probe_c3.py'],2026-09-30T09:38:08.000Z
152184,Accepted,81.83,cbe1c57c45c9815360319f63c122db0ce84807ebdd9215379e10734164f7c6b5,first_in_cohort,True,[],[],['experiments/2026-09-30/candidates/anom_probe/anom_probe_c5.py'],2026-09-30T09:42:11.000Z
152193,WrongAnswer,73.58,396a301051f61f497f5a5e39d9911be16debd9b93042ee9d8067cca4613d95d3,first_in_cohort,False,"[9, 10, 11, 12]","[11, 12]",['experiments/2026-09-30/candidates/p1_dirA_c34_v10_meas.py'],2026-09-30T09:46:09.000Z
152198,Accepted,82,c5bc5801e5984844e79ec30b5d01415edbe23df1a11fcba46539c7ae637dcbc9,first_in_cohort,True,[],[],['experiments/2026-09-30/candidates/anom_probe/anom_probe_c6.py'],2026-09-30T09:51:13.000Z
152205,Accepted,87.75,4b39672981d4a0f17fe97e4505086c2e827fa9865c9d1b93b039e13ba33c36be,first_in_cohort,True,"[9, 10, 11, 12]","[11, 12]",['experiments/2026-09-30/candidates/p1_dirA_c34_v11_meas.py'],2026-09-30T09:56:41.000Z
152213,Accepted,81.83,78229e855c5fa46d0d450ea640a7fad19d3cbc1b055f0ecb1056f7115e039342,first_in_cohort,True,[],[],['experiments/2026-09-30/candidates/anom_probe/anom_probe_d1.py'],2026-09-30T10:02:47.000Z
152216,Accepted,81.92,7aa451aa689abdcf92eddd2b5c4fbb1d83ec4ba32d2adb0a8e985fc8559c4e1d,first_in_cohort,True,[],[],['experiments/2026-09-30/candidates/anom_probe/anom_probe_d2.py'],2026-09-30T10:06:12.000Z
152219,Accepted,81.83,4b39672981d4a0f17fe97e4505086c2e827fa9865c9d1b93b039e13ba33c36be,repeat_in_cohort,True,[],[],['experiments/2026-09-30/candidates/p1_dirA_c34_v11_meas.py'],2026-09-30T10:09:51.000Z
152222,Accepted,81.92,60c4170f04763ffd8cdf6241ee770db5f3de71300e758c998bf7881814d43c99,first_in_cohort,True,[],[],['experiments/2026-09-30/candidates/anom_probe/anom_probe_e1.py'],2026-09-30T10:13:26.000Z
152223,Accepted,81.83,f21d7b02abefebea63d2a53b5d6f30d2fe710b33d526e05b416a8f23171763bb,first_in_cohort,True,[],[],['experiments/2026-09-30/candidates/anom_probe/anom_probe_e2.py'],2026-09-30T10:15:29.000Z
152227,Accepted,81.83,5482793654cff4f662bddae3c2999a86c4bf599f16c078181b875600433ee5a7,first_in_cohort,True,[],[],['experiments/2026-09-30/candidates/anom_probe/anom_probe_e3.py'],2026-09-30T10:18:10.000Z
152229,Accepted,81.92,fcc9ffcd011a2ab6a79330ec50bac6e9e912f322532e88075d2ddd0f5e891846,first_in_cohort,True,[],[],['experiments/2026-09-30/candidates/anom_probe/anom_probe_e4.py'],2026-09-30T10:21:35.000Z
152232,Accepted,81.92,827889b7422e9a1826b4888075ef20278e74f8411fb8cfdf913dd7f1d22f24ca,first_in_cohort,True,[],[],['experiments/2026-09-30/candidates/anom_probe/anom_probe_e5.py'],2026-09-30T10:23:57.000Z
152235,Accepted,81.92,eb589c197b653388d57b6ef801b64d23a4f06935906bc18e3a513fb25cb64060,first_in_cohort,True,[],[],['experiments/2026-09-30/candidates/anom_probe/anom_probe_e6.py'],2026-09-30T10:26:21.000Z
152238,Accepted,89.08,08dd08eb51b1602648d31f0694912466d5de4be48b36d3604465216f8f9089f9,first_in_cohort,True,"[8, 9, 10, 11, 12]","[10, 11, 12]","['p1/kernel.py', 'experiments/2026-09-30/candidates/p1_dirA_c34_v12_far_meas.py']",2026-09-30T10:29:22.000Z
152241,Accepted,82,08dd08eb51b1602648d31f0694912466d5de4be48b36d3604465216f8f9089f9,repeat_in_cohort,True,[],[],"['p1/kernel.py', 'experiments/2026-09-30/candidates/p1_dirA_c34_v12_far_meas.py']",2026-09-30T10:34:28.000Z
152245,Accepted,81.92,c42e3744863639a6a1ebfa5e2478222b20f66bbc7385720ec6b2c9015234f9f6,first_in_cohort,True,[],[],['experiments/2026-09-30/candidates/anom_probe/anom_probe_d3.py'],2026-09-30T10:37:52.000Z
152248,Accepted,81.92,a840ad14450afe79f9307c04a72b50f68ccc0041fa7fca5d4c0072e9d1b9635f,first_in_cohort,True,[],[],['experiments/2026-09-30/candidates/anom_probe/anom_probe_f1.py'],2026-09-30T10:42:15.000Z
152251,Accepted,81.92,6773e1549eadf22a436ef37e66947cf10e08dee3244d747d7eca958865a32f8d,first_in_cohort,True,[],[],['experiments/2026-09-30/candidates/anom_probe/anom_probe_f2.py'],2026-09-30T10:44:58.000Z
152252,Accepted,82,3b47b85de3b00343ff985b69f04b1931f2fed9dacb2cea8b5cdfc6ee5e596569,first_in_cohort,True,[],[],['experiments/2026-09-30/candidates/anom_probe/anom_probe_f3.py'],2026-09-30T10:48:02.000Z
152259,Accepted,82.08,090c5eccd177d1cacac3fcf55ad4b266b2446ac328f70ead78a4b837c16631bd,first_in_cohort,True,[],[],['experiments/2026-09-30/candidates/anom_probe/anom_probe_f4.py'],2026-09-30T10:50:25.000Z
152266,Accepted,82.08,ea73f872ebaab9e1e92d31b42fac698238919951778233def335b62e086fe841,first_in_cohort,True,[],[],['experiments/2026-09-30/candidates/anom_probe/anom_probe_f5.py'],2026-09-30T10:53:43.000Z
152281,Accepted,81.92,9f74f71f4e45052e4792eb61491799a29fe9e70bd7c1ad5e48041bfa5a94e984,first_in_cohort,True,[],[],['experiments/2026-09-30/candidates/anom_probe/anom_probe_f6.py'],2026-09-30T10:56:47.000Z
152289,Accepted,87.58,9364070dec36b3bd82b329248a8a77483222b3ecb41ed416a102c436a0128ec3,first_in_cohort,True,"[9, 10, 11, 12]","[11, 12]",['experiments/2026-09-30/candidates/p1_dirA_c12_v13_meas.py'],2026-09-30T11:05:38.000Z
152295,Accepted,82.33,9364070dec36b3bd82b329248a8a77483222b3ecb41ed416a102c436a0128ec3,repeat_in_cohort,True,[],[],['experiments/2026-09-30/candidates/p1_dirA_c12_v13_meas.py'],2026-09-30T11:10:23.000Z
152305,Accepted,81.83,247604daa040ada6bb74e4b2b914edd1e73d3bfacf7ce4430b17e2376e5acf77,first_in_cohort,True,[],[],['experiments/2026-09-30/candidates/anom_probe/anom_probe_g1.py'],2026-09-30T11:15:21.000Z
152313,Accepted,81.92,80b12df2f11bb4fb5ab9480599bfe905479dcc3702c2274cd002799ad7ccd9a5,first_in_cohort,True,[],[],['experiments/2026-09-30/candidates/anom_probe/anom_probe_g2.py'],2026-09-30T11:17:23.000Z
152318,Accepted,81.92,e21f782255edf587217e253c6674ffeabbf3a85f747cbd9677d4124dd09cdd55,first_in_cohort,True,[],[],['experiments/2026-09-30/candidates/anom_probe/anom_probe_g3.py'],2026-09-30T11:19:26.000Z
152322,Accepted,81.83,6485848c99dbf3f792c736695f22c570a227726168aff5a49bbad74ed643bf6a,first_in_cohort,True,[],[],['experiments/2026-09-30/candidates/anom_probe/anom_probe_g4.py'],2026-09-30T11:21:49.000Z
152328,Accepted,81.83,5fb8ff356f71c484c2afd3ec8ff091c682b74febcbc4e700593bfbb49bd6ea1e,first_in_cohort,True,[],[],['experiments/2026-09-30/candidates/anom_probe/anom_probe_g5.py'],2026-09-30T11:23:51.000Z
152333,Accepted,81.83,33473217440a5171a7a1d9009889398d70582022e0c107a8eb249dffe7085e0a,first_in_cohort,True,[],[],['experiments/2026-09-30/candidates/anom_probe/anom_probe_g6.py'],2026-09-30T11:25:53.000Z
152485,TimeLimitExceeded,0,b0cbf08874e16d075757c56d76fe84e0af4a1e6ea1528b0c01c3c1fcbce44f3f,first_in_cohort,False,[],[],['experiments/2026-09-30/candidates/p1_dirB_c9c10_v14_meas.py'],2026-09-30T13:22:10.000Z
152488,Accepted,81.83,b0cbf08874e16d075757c56d76fe84e0af4a1e6ea1528b0c01c3c1fcbce44f3f,repeat_in_cohort,True,[],[],['experiments/2026-09-30/candidates/p1_dirB_c9c10_v14_meas.py'],2026-09-30T13:30:27.000Z
152492,Accepted,81.83,3d1d2f7495c46b27470f2a61c9eb07a436bafadc7d1b185cd89377a342251691,first_in_cohort,True,[],[],['experiments/2026-09-30/candidates/anom_probe/anom_probe_h1.py'],2026-09-30T13:34:46.000Z
152494,Accepted,81.92,17a72495a7fa3bb1af8a484db5559d3fdea19ae40d731a10c98f02025f8ebda9,first_in_cohort,True,[],[],['experiments/2026-09-30/candidates/anom_probe/anom_probe_h2.py'],2026-09-30T13:37:38.000Z
152495,Accepted,81.83,2fdb801eb3fe48b55e2a474388e0d50a04abf00a96a2351d57bc9c554cb70c28,first_in_cohort,True,[],[],['experiments/2026-09-30/candidates/anom_probe/anom_probe_h3.py'],2026-09-30T13:39:51.000Z
152502,Accepted,82.08,2e8023dec856cb0332d932589970752f149deba482eafa9b81ee8663f13d11b3,first_in_cohort,True,[],[],['experiments/2026-09-30/candidates/anom_probe/anom_probe_h4.py'],2026-09-30T13:41:59.000Z
152517,Accepted,81.83,cdf968ed7b1d23e30f27f7304f640bfcc43abe8d1efe7e66ca07eb8a1433ed02,first_in_cohort,True,[],[],['experiments/2026-09-30/candidates/anom_probe/anom_probe_h5.py'],2026-09-30T13:48:40.000Z
152522,Accepted,81.83,d695979c4d8ba0c8ef0f19ca9c05dd6899e71dcdf0d9124f298c95baa51f3bbe,first_in_cohort,True,[],[],['experiments/2026-09-30/candidates/anom_probe/anom_probe_h6.py'],2026-09-30T13:50:45.000Z
152541,TimeLimitExceeded,0,a7a94ae785bbb7d40bd481b3da345287f701fbf892f59d91865e6d7d55c6087e,first_in_cohort,False,[],[],['experiments/2026-09-30/candidates/p1_c9_pre_v15_meas.py'],2026-09-30T14:02:04.000Z
152547,Accepted,81.75,a7a94ae785bbb7d40bd481b3da345287f701fbf892f59d91865e6d7d55c6087e,repeat_in_cohort,True,[],[],['experiments/2026-09-30/candidates/p1_c9_pre_v15_meas.py'],2026-09-30T14:12:14.000Z
152557,Accepted,81.75,1a4f7619edead622bef7519bafdf9868dc5547c0b3b67e2d3991bb87f9d110ba,first_in_cohort,True,[],[],['experiments/2026-09-30/candidates/anom_probe/anom_probe_i1.py'],2026-09-30T14:17:33.000Z
152564,Accepted,81.83,bc1355d0152abf6d3bd9ba173a6ec1da4b50d270bc4c4706b8b817b041006186,first_in_cohort,True,[],[],['experiments/2026-09-30/candidates/anom_probe/anom_probe_i2.py'],2026-09-30T14:20:59.000Z
152569,Accepted,81.83,df6e3653a85d97a34ec7bea0b2766c853e8deda183ea8435238e45a1281fce58,first_in_cohort,True,[],[],['experiments/2026-09-30/candidates/anom_probe/anom_probe_i3.py'],2026-09-30T14:23:44.000Z
152576,Accepted,81.75,e1725b489f2cca0fd8e995e023be85eb7b0aeeff206d2116f433e4bea43bd663,first_in_cohort,True,[],[],['experiments/2026-09-30/candidates/anom_probe/anom_probe_i4.py'],2026-09-30T14:26:39.000Z
152581,Accepted,82,ee1cc035e9d2cec58929dbc02390a44866f01f495f846f1eee410aa575b3cf0e,first_in_cohort,True,[],[],['experiments/2026-09-30/candidates/anom_probe/anom_probe_i5.py'],2026-09-30T14:28:46.000Z
152586,Accepted,81.92,d4923b2a31b70c093728b819fdc456a6c3e81b7227fb9545bb773e66b32c697e,first_in_cohort,True,[],[],['experiments/2026-09-30/candidates/anom_probe/anom_probe_i6.py'],2026-09-30T14:31:52.000Z
152622,WrongAnswer,0,9e62077d7793531aac3fc4dc5805aa171a9984c669388c342f98436c7f4c43a2,first_in_cohort,False,[],[],['experiments/2026-10-01/candidates/p1_r1_c11_splitcnt_v1.py'],2026-09-30T15:21:56.000Z
152626,Accepted,81.92,b77942227ec0d2e4787429ebee445370ccf677a14ca926bbce0aae500f6cde46,first_in_cohort,True,[],[],['experiments/2026-10-01/candidates/p1_r1_c11_splitcnt_v2.py'],2026-09-30T15:24:57.000Z
152630,Accepted,82,327b301629ab867de353834966bc150d0d0a2b0c91f6104c8ae1fd66326c0956,first_in_cohort,True,[],[],['experiments/2026-10-01/candidates/p1_r1_c6_splitcnt_v3.py'],2026-09-30T15:34:16.000Z
152634,WrongAnswer,75.42,4215b9b6b8f3652aa50b22674dc24ee1ca960067dec965de1b177380d596433b,first_in_cohort,False,[],[],['experiments/2026-10-01/candidates/p1_aext_c3c5_edge_v1.py'],2026-09-30T15:37:31.000Z
152639,Accepted,81.75,85c6bf853bac81f7709cf3fb2c39099f5e4097970768263f8444a0ddf235fa3d,first_in_cohort,True,[],[],['experiments/2026-10-01/candidates/p1_aext_c3c5_edge_v2.py'],2026-09-30T15:40:21.000Z
152641,WrongAnswer,74.67,0c06189ca10e554fd2f6b82151a586e1409629b4dc6644fba7fe5ce34d1d6b08,first_in_cohort,False,[],[],[],2026-09-30T15:44:28.000Z
152644,WrongAnswer,0,878c71b2972e7123bf02c471aa0aaa2a772fedd1f682857971abdc85bbc347f6,first_in_cohort,False,[],[],"['experiments/2026-10-01/candidates/p1_r3_c11_nosc_v1.py', 'experiments/2026-10-01/candidates/p1_r3_c11_nosc_v2.py']",2026-09-30T15:47:56.000Z
152647,Accepted,82,5c1070e48319861de0a54fbd0cafd239c571d3bcb51c933418b2bfd990912690,first_in_cohort,True,[],[],['experiments/2026-10-01/candidates/p1_pre_tanh_f16x2_v1.py'],2026-09-30T15:52:42.000Z
152650,Accepted,82.25,218bf585f4d831dd64c8d47d344139f98712668a3ed18e8379e3226c077ef350,first_in_cohort,True,[],[],['experiments/2026-10-01/candidates/p1_c7_static_pre_tanh_v1.py'],2026-09-30T15:55:47.000Z
152652,Accepted,81.83,1574543afa5b75d24eff7382e0634a6116a8e244a2fb66805ae18711baee3fbb,first_in_cohort,True,[],[],['experiments/2026-10-01/candidates/p1_c3_dn_s3_v1.py'],2026-09-30T15:59:03.000Z
152660,Accepted,81.92,9720db91aeff31f9bfeeaca8d048ed3bc96335146aad0caae9b680ac53bde0a4,first_in_cohort,True,[],[],['experiments/2026-10-01/candidates/p1_c3_g_s4_v1.py'],2026-09-30T16:06:15.000Z
152713,Accepted,81.92,b23a7f3ab6357ec8bd1b1b1038f5c9d1b72d297158d7d75b6825aba7d9102fa0,first_in_cohort,True,[],[],['experiments/2026-10-01/candidates/p1_r1_allstatic_split_v1.py'],2026-09-30T17:58:07.000Z
152715,Accepted,81.92,c992e8bbee3d585e61420157fbe2f879d80864d0ca91e694f7548666631fc292,first_in_cohort,True,[],[],['experiments/2026-10-01/candidates/p1_r1_all_pad_split_v2.py'],2026-09-30T18:01:28.000Z
152721,Accepted,87.5,f1edeae6f8f9456263dfe7241f0f918cdb5ad44fd1312ec44ff1f4e0fe459b81,first_in_cohort,True,"[9, 10, 11, 12]","[11, 12]",['experiments/2026-10-01/candidates/p1_r1_all_pad_split_mid_v3.py'],2026-09-30T18:07:26.000Z
152920,TimeLimitExceeded,0,f9e48bcd8fdc1bd1584f422ec27e38d47bec352d9c47c19f6631ba97aa796d2f,first_in_cohort,False,[],[],['experiments/2026-10-01/candidates/p1_r1_all_pad_split_mid_v4.py'],2026-10-01T05:36:16.000Z
152925,Accepted,81.92,1a45dd0a13ef16d62431e783111b0edb2f4d82b00bb2db4199a9aca40da1a63d,first_in_cohort,True,[],[],['experiments/2026-10-01/candidates/p1_r1_all_pad_split_mid_v6_pretanh.py'],2026-10-01T05:45:04.000Z
152933,Accepted,81.67,a4b9331023883b2d7a6f9cd7312ece0fb17506cc3b20db4c9741ba418691afad,first_in_cohort,True,[],[],['experiments/2026-10-01/candidates/p1_r1_all_pad_split_mid_v7_aext_pretanh.py'],2026-10-01T05:49:24.000Z
152939,Accepted,83,913e194ffd89b84556e21f701897c98cc733fb33812fe2f7f0885bcd6eba1486,first_in_cohort,True,[12],[],['experiments/2026-10-01/candidates/p1_r1_all_pad_split_mid_v8_pretanh_shift.py'],2026-10-01T05:53:55.000Z
152945,Accepted,83,b32fc4cc627ff112750df066078cb9707d56a2f93faba93f14360ec080b1d310,first_in_cohort,True,[12],[],['experiments/2026-10-01/candidates/p1_r1_all_pad_split_mid_v9_c8spec.py'],2026-10-01T06:02:26.000Z
152952,Accepted,82.33,d4d279a4575924cd45b8d8bbdf1ba3c895c1524caae5ba63a3ada90a4a1d06e0,first_in_cohort,True,[],[],['experiments/2026-10-01/candidates/p1_r1_all_pad_split_mid_v10_ident.py'],2026-10-01T06:07:52.000Z
152955,Accepted,82.08,d4a922e326a260a0ba8b7f10ce9b3b117d5e9467d627ffc9958a2d4f83514ec6,first_in_cohort,True,[],[],['experiments/2026-10-01/candidates/p1_r1_all_pad_split_mid_v11_c8c9_fin.py'],2026-10-01T06:12:37.000Z
152960,Accepted,82.25,6282196ba6d2c605ce3887799d160e7fc05508bf5eaffddea66b2cc9225c06ec,first_in_cohort,True,[],[],['experiments/2026-10-01/candidates/p1_r1_all_pad_split_mid_v5.py'],2026-10-01T06:16:56.000Z
152969,Accepted,82.92,fc5e10742dbf8f64cc9f6ce336ea4a2426322e66df52f7bcc3ba979b486515ab,first_in_cohort,True,[12],[],['experiments/2026-10-01/candidates/p1_r1_all_pad_split_mid_v16_pretanh2_shift.py'],2026-10-01T06:22:11.000Z
152976,Accepted,89,88361f262dddcb58986b23b9d54d9219c1645529b98752e8b768e19fc2ace673,first_in_cohort,True,"[8, 9, 10, 11, 12]","[9, 10, 11, 12]","['experiments/2026-10-01/candidates/p1_r1_all_pad_split_mid_v17_tiledshift.py', 'experiments/2026-10-01/guide-candidates/anchor_sid152976_88361f262ddd.py']",2026-10-01T06:29:45.000Z
152995,Accepted,81.92,e59ea080d461e75c77ddebdeeed43feddcf29e46da0058cdf197c7041f28ba8b,first_in_cohort,True,[],[],['experiments/2026-10-01/candidates/p1_r1_all_pad_split_mid_v18_tiledshift_pretanh.py'],2026-10-01T06:37:14.000Z
153006,Accepted,83.42,b335dd6bccab25644d7e6b6b8085095ae2408a564bdc00d14d9a47ffa930a408,first_in_cohort,True,"[11, 12]",[],['experiments/2026-10-01/candidates/p1_r1_all_pad_split_mid_v21_c7c8_pretanh.py'],2026-10-01T06:44:47.000Z
