scenario,integer_sum,raw,net_assuming_10_penalty,c1,c2,c3,c4,c5,c6,c7,c8,c9,c10,c11,c12
all_minus_0pct,982,81.83333333333333,71.83333333333333,79,78,83,86,81,85,82,85,75,78,86,84
all_minus_10pct,998,83.16666666666667,73.16666666666667,80,80,85,87,82,86,83,86,77,79,87,86
all_minus_20pct,1018,84.83333333333333,74.83333333333333,82,82,86,88,84,88,85,87,79,81,89,87
all_minus_30pct,1038,86.5,76.5,84,83,88,90,86,89,87,89,81,83,90,88
all_minus_40pct,1055,87.91666666666667,77.91666666666667,86,85,89,91,87,90,88,90,83,85,91,90
all_minus_50pct,1078,89.83333333333333,79.83333333333333,88,88,91,92,89,92,90,92,86,87,92,91
all_minus_55pct,1088,90.66666666666667,80.66666666666667,89,89,91,93,90,93,91,92,87,88,93,92
c9c10_minus_20pct,989,82.41666666666667,72.41666666666667,79,78,83,86,81,85,82,85,79,81,86,84
c9c10_minus_30pct,993,82.75,72.75,79,78,83,86,81,85,82,85,81,83,86,84
c9c10_minus_50pct,1002,83.5,73.5,79,78,83,86,81,85,82,85,86,87,86,84
c9c10_zero_ideal,1029,85.75,75.75,79,78,83,86,81,85,82,85,100,100,86,84
c1c2c9c10_zero_ideal,1072,89.33333333333333,79.33333333333333,100,100,83,86,81,85,82,85,100,100,86,84
c9c10_minus30_rest_minus10,1006,83.83333333333333,73.83333333333333,80,80,85,87,82,86,83,86,81,83,87,86
c1c2_unchanged_rest_minus50,1059,88.25,78.25,79,78,91,92,89,92,90,92,86,87,92,91
