sid,sum_tk_ms,derived_case_integer_sum,derived_display,c1,c2,c3,c4,c5,c6,c7,c8,c9,c10,c11,c12
146862,30.134,974,81.17,79,77,83,85,81,84,81,83,76,77,85,83
146866,29.472,978,81.5,79,78,83,85,81,85,81,84,77,77,85,83
146868,29.391000000000002,987,82.25,87,78,83,86,81,85,81,84,77,77,85,83
146871,30.004,975,81.25,79,78,83,85,81,84,81,83,76,77,85,83
146874,30.061999999999998,977,81.42,79,78,83,85,81,84,81,83,76,77,85,85
146877,29.603,979,81.58,79,78,83,86,81,85,81,84,77,77,85,83
146888,29.967000000000002,978,81.5,79,78,84,87,81,84,81,83,76,77,85,83
146911,29.431,978,81.5,79,78,83,85,81,85,81,84,77,77,85,83
146913,29.436,988,82.33,80,78,89,86,82,85,81,85,77,77,85,83
146915,29.351,980,81.67,79,78,84,86,81,85,81,84,77,77,85,83
