case,T,H,E,I,k,tk_ms,tb_ms,q,next_drop_pct,sqnr_min,useful_TFLOP,weight_GiB,md_row_repeats,scalar_write_saved_MiB
1,16384,4096,8,8192,2,4.63,17.68,79,4.535637149028082,23.12,6.597069766656,0.75,64,7.875
2,16384,4096,8,14336,2,7.9035,28.737000000000002,78,3.3472592258036338,23.14,11.544872091648,1.3125,112,13.875
3,16384,2048,32,2048,4,1.342,6.9645,83,1.149670002129033,22.7,1.649267441664,0.375,16,3.75
4,16384,2048,32,1024,4,0.786,4.949,86,5.915299347781633,22.98,0.824633720832,0.1875,8,1.75
5,8192,3584,64,2560,8,2.7435,12.114,81,3.073784155009407,23.13,3.60777252864,1.640625,20,4.75
6,8192,3584,64,1024,8,1.245,7.567,85,1.0572522648734095,22.93,1.443109011456,0.65625,8,1.75
7,16384,4096,96,2048,3,2.178,10.311499999999999,82,3.0305796187504397,23.12,2.473901162496,2.25,16,2.8125
8,16384,4096,96,1024,3,1.233,7.195,85,5.005752654708651,22.9,1.236950581248,1.125,8,1.3125
9,4096,4096,256,2048,8,2.4545,7.7255,75,0.6057617051387632,23.13,1.649267441664,6.0,16,1.875
10,4096,4096,256,1536,8,1.8505,6.7115,78,3.5898611049356877,22.69,1.236950581248,4.5,12,1.375
11,65536,1024,32,1024,2,0.872,5.657,86,3.0620584203311707,23.14,0.824633720832,0.09375,8,3.5
12,65536,1024,32,2048,2,1.4685000000000001,8.1535,84,2.018866790842988,22.9,1.649267441664,0.1875,16,7.5
