sid,status,raw,sha256,local_files,c1_tk_ms,c2_tk_ms,c3_tk_ms,c4_tk_ms,c5_tk_ms,c6_tk_ms,c7_tk_ms,c8_tk_ms,c9_tk_ms,c10_tk_ms,c11_tk_ms,c12_tk_ms
149493,Accepted,85.17,c23394ec00deb6d76e0cb9416dbad05fb5a0182219c2a6bbf7935967dc64a471,,4.611,7.83,1.37,0.8,2.797,1.283,2.213,1.262,2.441,1.899,0.325,0.0
150926,Accepted,81.75,436f0a227678eb9caa255627837727f066884bbeb4bd4a0a829d08155353c8fc,p1/kernel.py,4.62,7.831,1.349,0.784,2.758,1.247,2.184,1.229,2.475,1.886,0.874,1.472
150928,TimeLimitExceeded,0,c5c59201fc804f9e6d4688dcbb0087efea442de18334db6a68192eef4067b8c4,,,,,,,,,,,,,
150934,Accepted,81.83,436f0a227678eb9caa255627837727f066884bbeb4bd4a0a829d08155353c8fc,p1/kernel.py,4.64,7.829,1.336,0.784,2.777,1.247,2.178,1.232,2.477,1.877,0.875,1.473
150936,Accepted,81.75,0b106a0f179360b5ba31dccb6a8a859d449b4e00791d495c10fd21f9c23cd73b,,4.619,7.855,1.343,0.792,2.771,1.248,2.176,1.228,2.454,1.889,0.872,1.469
150941,Accepted,84.5,1526ea9559af7da41743504d8a69a550d3f4801a0c0d34d135f63552d79f3e83,,4.606,7.853,1.353,0.783,2.749,1.226,2.099,1.148,2.411,1.875,0.096,0.0
150942,Accepted,81.92,436f0a227678eb9caa255627837727f066884bbeb4bd4a0a829d08155353c8fc,p1/kernel.py,4.59,7.839,1.343,0.788,2.778,1.242,2.181,1.233,2.437,1.875,0.874,1.472
150943,Accepted,81.83,436f0a227678eb9caa255627837727f066884bbeb4bd4a0a829d08155353c8fc,p1/kernel.py,4.617,7.878,1.346,0.779,2.759,1.244,2.181,1.225,2.472,1.881,0.873,1.469
150945,Accepted,81.75,1526ea9559af7da41743504d8a69a550d3f4801a0c0d34d135f63552d79f3e83,,4.625,7.821,1.358,0.786,2.761,1.245,2.182,1.235,2.465,1.892,0.87,1.473
150961,WrongAnswer,69.17,75e59e1132b934b5d25e956ca38dbf7b2bf232964b73de77157b6b4513bc9671,,4.616,7.837,1.352,0.786,2.747,1.243,2.186,1.228,0.0,0.0,0.862,1.46
150964,Accepted,81.33,df31a8e1ad102c7d19f76461ed30632154499b9eb7844ce11a881ba7ea0745b7,experiments/2026-09-29/candidates/v905_pair_ep2_meta_fix.py,4.646,7.844,1.337,0.786,2.736,1.247,2.179,1.229,2.843,2.441,0.869,1.476
150965,Accepted,81.5,1babc7dd37bb51f39ec5e03927480a97f1780090cc9ce9773fa2499443e1ed53,experiments/2026-09-29/candidates/v906_pair_ep2_direct.py,4.613,7.893,1.351,0.788,2.752,1.249,2.186,1.228,2.705,2.31,0.862,1.376
150966,WrongAnswer,69.25,e94d9ab2b84c1dffc465a6850bb6991e95b62d3739c5f4d1856f3882cdda895a,experiments/2026-09-29/candidates/v907_pair_ep2_bm256.py,4.696,7.856,1.344,0.779,2.759,1.244,2.186,1.232,0.0,0.0,0.774,1.378
150967,WrongAnswer,69.17,8fb78adf25b6e5284b510142db0aa33e618db0d7c9be6c4ad2fba1c138f9a934,experiments/2026-09-29/candidates/v908_pair_ep2_bm256_reg64.py,4.602,7.914,1.335,0.793,2.747,1.246,2.182,1.23,0.0,0.0,0.868,1.464
150969,WrongAnswer,69,e35700fbd4d09f666308fd79e9a7a702a8678e86f2fd6ab42c74373a50ee5753,experiments/2026-09-29/candidates/v909_pair_dn_bm256.py,4.624,7.838,1.338,0.793,2.765,1.246,2.18,1.228,0.0,0.0,0.866,1.469
150973,WrongAnswer,69.08,f1e8868870a4791c102690f664fc4e7e2cdb7bc575ebf0d918c2f762b0b05e51,,4.644,7.83,1.343,0.789,2.765,1.244,2.181,1.228,0.0,0.0,0.867,1.38
150976,TimeLimitExceeded,0,606cb73bb56f4f68b89c6d78a66f0f0f954eb15e57482998a14883c6617aa1d2,experiments/2026-09-29/candidates/v910_pair_ep2_bm256bn64.py,,,,,,,,,,,,
151045,WrongAnswer,69.42,2bfbde97c28a13e9ff1f176a093b510e14dff794a0e264707b4480f7f791cb14,experiments/2026-09-29/candidates/v911_static_dn_c910.py,4.623,7.858,1.35,0.786,2.738,1.238,2.155,1.151,0.0,0.0,0.774,1.374
151051,Accepted,81.83,86f03a20fbfe949b2bc24e12d1df999010faa6c0cd6b447f35b0baa433d601dc,experiments/2026-09-29/candidates/v912_static_dn_c910_fix.py,4.639,7.828,1.361,0.795,2.755,1.248,2.183,1.229,2.47,1.856,0.87,1.467
151056,WrongAnswer,0,2e5a6138ff2997ccf7a16bd105b041c29389b70540ee6469f11b7abcc52470ed,experiments/2026-09-29/candidates/v913_static_dn_c1c2.py,0.0,,,,,,,,,,,
151061,Accepted,81.75,a6b355a38b285448ff376605880325a263da3a01462629e919ab2f0dcc2e90db,experiments/2026-09-29/candidates/v914_pair_ep2_sentinel_sort.py,4.616,7.834,1.347,0.789,2.748,1.242,2.175,1.228,2.946,2.047,0.769,1.377
151064,WrongAnswer,71.67,1f02f5e2bec991bb12566f818188dc315be5a0e53f7915b136f900b0ce5290d8,experiments/2026-09-29/candidates/v915_dn_bm256_c910.py,4.684,7.829,1.336,0.787,2.752,1.228,2.097,1.146,0.0,0.0,0.096,0.0
151071,Accepted,81.83,436f0a227678eb9caa255627837727f066884bbeb4bd4a0a829d08155353c8fc,p1/kernel.py,4.61,7.834,1.341,0.783,2.754,1.247,2.18,1.226,2.46,1.859,0.875,1.478
151076,WrongAnswer,69.08,0292276fa590c5d6c567ef2b954711a726ce51e8de1679d14f40eeecb77223b2,experiments/2026-09-29/candidates/v916_dn_bm256bn128_c910.py,4.653,7.85,1.345,0.782,2.75,1.242,2.185,1.229,0.0,0.0,0.867,1.464
151078,WrongAnswer,0,2b3000dedee4693c6b10d8fd8d9c37aa9f83087a0763f5513d064128e8639e9d,experiments/2026-09-29/candidates/v917_dn_bm256bn128_s3_c910.py,,,,,,,,,,,,
151081,WrongAnswer,0,5fd2b81b0cb069ef7f2bcf7c89184ec55d953155606b38ce2abbb1b749b0ce63,experiments/2026-09-29/candidates/v918_dn_bm256bn128_w32.py,,,,,,,,,,,,
151082,WrongAnswer,0,dd084491c88a308439254ce8eaf24664c74228c5e973cf927cbf54c973221c75,experiments/2026-09-29/candidates/v919_dn_bm256bn128_ptra.py,,,,,,,,,,,,
151086,WrongAnswer,69.08,2240ff36ea474244281b701dc1c16e3e5629e22fe5d59f58c989ee617433af9e,experiments/2026-09-29/candidates/v920_dn_bm256_s1_nomax.py,4.615,7.839,1.348,0.781,2.774,1.247,2.189,1.23,0.0,0.0,0.863,1.462
151096,Accepted,81.67,6c75ad4907f06376e08abe64d5f22be3464117e97d532fbe9febadec96a4c795,experiments/2026-09-29/candidates/v921_c1c2_gm32.py,4.73,7.984,1.346,0.793,2.736,1.251,2.187,1.232,2.473,1.897,0.87,1.468
151099,Accepted,81.92,93b08483817081e099a456109cb1145f971031ce6a10e858e74177dca87a06ef,experiments/2026-09-29/candidates/v922_c1c2_gm8_c2.py,4.608,7.852,1.345,0.782,2.741,1.243,2.184,1.23,2.447,1.868,0.87,1.473
151103,Accepted,81.83,436f0a227678eb9caa255627837727f066884bbeb4bd4a0a829d08155353c8fc,p1/kernel.py,4.604,7.849,1.355,0.787,2.756,1.248,2.179,1.229,2.439,1.896,0.875,1.473
151105,Accepted,81.92,436f0a227678eb9caa255627837727f066884bbeb4bd4a0a829d08155353c8fc,p1/kernel.py,4.617,7.899,1.359,0.786,2.74,1.245,2.186,1.23,2.449,1.881,0.872,1.474
151107,Accepted,81.83,436f0a227678eb9caa255627837727f066884bbeb4bd4a0a829d08155353c8fc,p1/kernel.py,4.601,7.85,1.341,0.78,2.757,1.243,2.179,1.232,2.443,1.903,0.872,1.472
151109,Canceled,,436f0a227678eb9caa255627837727f066884bbeb4bd4a0a829d08155353c8fc,p1/kernel.py,,,,,,,,,,,,
151111,Canceled,,436f0a227678eb9caa255627837727f066884bbeb4bd4a0a829d08155353c8fc,p1/kernel.py,,,,,,,,,,,,
151112,Canceled,,436f0a227678eb9caa255627837727f066884bbeb4bd4a0a829d08155353c8fc,p1/kernel.py,,,,,,,,,,,,
151117,Canceled,,436f0a227678eb9caa255627837727f066884bbeb4bd4a0a829d08155353c8fc,p1/kernel.py,,,,,,,,,,,,
151118,Canceled,,436f0a227678eb9caa255627837727f066884bbeb4bd4a0a829d08155353c8fc,p1/kernel.py,,,,,,,,,,,,
151119,Canceled,,436f0a227678eb9caa255627837727f066884bbeb4bd4a0a829d08155353c8fc,p1/kernel.py,,,,,,,,,,,,
151122,Canceled,,5454ffa7ac17f66b6ed67a95a31e97f14264a1626939c0d57ffe9f2f6f17ec89,experiments/2026-09-29/candidates/v923_dn_retile_bm256_c910.py,,,,,,,,,,,,
151132,Canceled,,7fa56f64d55dc2631bbd7ebae43204389831117b8bec97af358f3eee82787ea5,experiments/2026-09-29/candidates/v924_dn_retile_only_bm256_c910.py,,,,,,,,,,,,
151162,Accepted,81.67,f4694b80509ff33840cbe774f21ebbf712f7b6744c8d729be5dcad1fccb9fc24,experiments/2026-09-29/candidates/v925_c1112_bk256.py,4.594,7.828,1.352,0.788,2.753,1.243,2.182,1.227,2.441,1.899,0.967,1.67
151166,Accepted,82.25,436f0a227678eb9caa255627837727f066884bbeb4bd4a0a829d08155353c8fc,p1/kernel.py,4.616,7.922,1.353,0.794,2.743,1.243,2.18,1.232,2.443,1.877,0.874,1.473
151173,Accepted,82.17,436f0a227678eb9caa255627837727f066884bbeb4bd4a0a829d08155353c8fc,p1/kernel.py,4.6,7.857,1.363,0.787,2.74,1.245,2.188,1.23,2.452,1.878,0.872,1.473
151179,Accepted,81.92,436f0a227678eb9caa255627837727f066884bbeb4bd4a0a829d08155353c8fc,p1/kernel.py,4.618,7.834,1.351,0.785,2.756,1.242,2.182,1.229,2.462,1.875,0.873,1.478
151191,Canceled,,7fa56f64d55dc2631bbd7ebae43204389831117b8bec97af358f3eee82787ea5,experiments/2026-09-29/candidates/v924_dn_retile_only_bm256_c910.py,,,,,,,,,,,,
151212,Accepted,82.17,2633cc995eb2563e22c1a212df1256141bdc1b520fe841d4dd4c15c0d382e7bf,experiments/2026-09-29/candidates/v926_static_dn_c10_only.py,4.592,7.828,1.348,0.789,2.759,1.249,2.177,1.227,2.432,1.841,0.774,1.371
151219,Accepted,82.08,2633cc995eb2563e22c1a212df1256141bdc1b520fe841d4dd4c15c0d382e7bf,experiments/2026-09-29/candidates/v926_static_dn_c10_only.py,4.6,7.865,1.335,0.789,2.75,1.249,2.186,1.233,2.441,1.892,0.875,1.471
151220,Accepted,82,2633cc995eb2563e22c1a212df1256141bdc1b520fe841d4dd4c15c0d382e7bf,experiments/2026-09-29/candidates/v926_static_dn_c10_only.py,4.618,7.855,1.333,0.789,2.742,1.245,2.184,1.23,2.431,1.876,0.875,1.48
151222,Accepted,82,2633cc995eb2563e22c1a212df1256141bdc1b520fe841d4dd4c15c0d382e7bf,experiments/2026-09-29/candidates/v926_static_dn_c10_only.py,4.608,7.854,1.35,0.794,2.751,1.247,2.185,1.233,2.449,1.884,0.874,1.481
151225,Accepted,81.92,2633cc995eb2563e22c1a212df1256141bdc1b520fe841d4dd4c15c0d382e7bf,experiments/2026-09-29/candidates/v926_static_dn_c10_only.py,4.665,7.845,1.345,0.787,2.751,1.245,2.176,1.234,2.45,1.855,0.875,1.473
151226,Accepted,81.83,2633cc995eb2563e22c1a212df1256141bdc1b520fe841d4dd4c15c0d382e7bf,experiments/2026-09-29/candidates/v926_static_dn_c10_only.py,4.618,7.903,1.342,0.788,2.771,1.245,2.181,1.231,2.455,1.852,0.876,1.48
151229,Accepted,81.83,2633cc995eb2563e22c1a212df1256141bdc1b520fe841d4dd4c15c0d382e7bf,experiments/2026-09-29/candidates/v926_static_dn_c10_only.py,4.64,7.861,1.348,0.787,2.784,1.242,2.185,1.237,2.475,1.879,0.874,1.481
151230,Accepted,81.92,2633cc995eb2563e22c1a212df1256141bdc1b520fe841d4dd4c15c0d382e7bf,experiments/2026-09-29/candidates/v926_static_dn_c10_only.py,4.606,7.901,1.349,0.781,2.745,1.249,2.183,1.226,2.449,1.874,0.872,1.472
151231,Canceled,,2633cc995eb2563e22c1a212df1256141bdc1b520fe841d4dd4c15c0d382e7bf,experiments/2026-09-29/candidates/v926_static_dn_c10_only.py,,,,,,,,,,,,
151233,Canceled,,2633cc995eb2563e22c1a212df1256141bdc1b520fe841d4dd4c15c0d382e7bf,experiments/2026-09-29/candidates/v926_static_dn_c10_only.py,,,,,,,,,,,,
151236,Canceled,,2633cc995eb2563e22c1a212df1256141bdc1b520fe841d4dd4c15c0d382e7bf,experiments/2026-09-29/candidates/v926_static_dn_c10_only.py,,,,,,,,,,,,
151238,Canceled,,436f0a227678eb9caa255627837727f066884bbeb4bd4a0a829d08155353c8fc,p1/kernel.py,,,,,,,,,,,,
151316,Accepted,82.25,2633cc995eb2563e22c1a212df1256141bdc1b520fe841d4dd4c15c0d382e7bf,experiments/2026-09-29/candidates/v926_static_dn_c10_only.py,4.64,7.895,1.347,0.791,2.773,1.247,2.185,1.227,2.439,1.873,0.869,1.471
151319,Accepted,81.83,2633cc995eb2563e22c1a212df1256141bdc1b520fe841d4dd4c15c0d382e7bf,experiments/2026-09-29/candidates/v926_static_dn_c10_only.py,4.621,7.852,1.336,0.797,2.759,1.246,2.183,1.227,2.459,1.872,0.871,1.482
151320,Accepted,81.92,2633cc995eb2563e22c1a212df1256141bdc1b520fe841d4dd4c15c0d382e7bf,experiments/2026-09-29/candidates/v926_static_dn_c10_only.py,4.614,7.864,1.346,0.782,2.744,1.251,2.178,1.235,2.463,1.851,0.871,1.474
151321,Accepted,81.92,2633cc995eb2563e22c1a212df1256141bdc1b520fe841d4dd4c15c0d382e7bf,experiments/2026-09-29/candidates/v926_static_dn_c10_only.py,4.657,7.854,1.345,0.795,2.763,1.246,2.188,1.233,2.455,1.892,0.872,1.475
151322,Canceled,,2633cc995eb2563e22c1a212df1256141bdc1b520fe841d4dd4c15c0d382e7bf,experiments/2026-09-29/candidates/v926_static_dn_c10_only.py,,,,,,,,,,,,
151332,Accepted,81.33,9d140d8e08cb58324b5ec7917263186f8fbd61b7a6d3c62b2809e4ebb33cd9b0,experiments/2026-09-29/candidates/v930_pair_md_bm256bn64_dn_orig.py,4.649,7.873,1.344,0.789,2.772,1.248,2.185,1.233,2.95,2.737,0.865,1.464
151355,Canceled,,11213ba12cf637a7472b383ae5fe200e137621b965901a7a31904a100079e848,experiments/2026-09-29/candidates/v931_c1112_md_bm256bn64.py,,,,,,,,,,,,
151368,Accepted,81.83,2633cc995eb2563e22c1a212df1256141bdc1b520fe841d4dd4c15c0d382e7bf,experiments/2026-09-29/candidates/v926_static_dn_c10_only.py,4.604,7.828,1.351,0.784,2.766,1.246,2.178,1.23,2.453,1.87,0.871,1.474
151370,Accepted,81.92,2633cc995eb2563e22c1a212df1256141bdc1b520fe841d4dd4c15c0d382e7bf,experiments/2026-09-29/candidates/v926_static_dn_c10_only.py,4.605,7.829,1.352,0.778,2.748,1.247,2.181,1.234,2.445,1.868,0.873,1.472
151373,Accepted,81.83,2633cc995eb2563e22c1a212df1256141bdc1b520fe841d4dd4c15c0d382e7bf,experiments/2026-09-29/candidates/v926_static_dn_c10_only.py,4.643,7.875,1.345,0.801,2.763,1.243,2.186,1.234,2.438,1.866,0.873,1.48
151377,Accepted,82,2633cc995eb2563e22c1a212df1256141bdc1b520fe841d4dd4c15c0d382e7bf,experiments/2026-09-29/candidates/v926_static_dn_c10_only.py,4.66,7.925,1.347,0.785,2.768,1.248,2.18,1.235,2.455,1.882,0.874,1.48
151378,Accepted,81.83,2633cc995eb2563e22c1a212df1256141bdc1b520fe841d4dd4c15c0d382e7bf,experiments/2026-09-29/candidates/v926_static_dn_c10_only.py,4.633,7.851,1.35,0.794,2.75,1.241,2.181,1.23,2.467,1.854,0.871,1.475
151380,Accepted,82.17,436f0a227678eb9caa255627837727f066884bbeb4bd4a0a829d08155353c8fc,p1/kernel.py,4.594,7.831,1.338,0.795,2.773,1.243,2.182,1.23,2.443,1.896,0.873,1.473
