sid,submit_time_cst,status,raw,sha256,first_sha_in_cohort,severe_cases,tb_ge2x_cases,failed_zero_cases,c1_tk,c1_tb,c2_tk,c2_tb,c3_tk,c3_tb,c4_tk,c4_tb,c5_tk,c5_tb,c6_tk,c6_tb,c7_tk,c7_tb,c8_tk,c8_tb,c9_tk,c9_tb,c10_tk,c10_tb,c11_tk,c11_tb,c12_tk,c12_tb
149486,2026-09-27T03:23:04+08:00,TimeLimitExceeded,0,4539dac048ef2983746536effd715f5b2f423cd5f370fa567197baafe9f3f3bc,True,[],[],[],,,,,,,,,,,,,,,,,,,,,,,,
149489,2026-09-27T03:33:05+08:00,TimeLimitExceeded,0,51fa76339c859885c7a3a9086ff0f665e69f7f996ea3f0003dfbde9653185990,True,[],[],[],,,,,,,,,,,,,,,,,,,,,,,,
149493,2026-09-27T03:43:51+08:00,Accepted,85.17,c23394ec00deb6d76e0cb9416dbad05fb5a0182219c2a6bbf7935967dc64a471,True,"[11, 12]",[5],[],4.611,18.004,7.83,28.882,1.37,7.002,0.8,5.026,2.797,48.349,1.283,7.852,2.213,10.275,1.262,7.162,2.441,8.406,1.899,6.752,0.325,7.007,0.0,8.208
149496,2026-09-27T03:50:31+08:00,Accepted,82.17,866c691d1e42ed002be27dd7face0aaa9d9721ce043833f3fa943d071ed760c9,True,[],[],[],4.637,18.077,7.816,28.878,1.369,7.017,0.84,5.051,2.777,13.565,1.278,7.66,2.209,10.262,1.257,7.205,2.451,8.489,1.904,7.226,0.898,5.646,1.496,8.158
149499,2026-09-27T03:52:37+08:00,Accepted,82.25,5cfd6a80d066d8a729ff1b6741541c1c70df7df75eeffe40c67440d4fe962a3c,True,[],[],[],4.596,18.044,7.831,32.662,1.372,7.045,0.808,4.986,2.791,13.387,1.279,7.822,2.209,10.276,1.262,7.232,2.459,8.426,1.882,6.722,0.9,5.656,1.488,8.156
149502,2026-09-27T03:55:09+08:00,Accepted,82,9efde7b97623e32159004afc89f4f796cfb77905e2d3b985693b2fb5ede800e4,True,[],[],[],4.614,18.015,7.844,28.801,1.378,7.063,0.789,5.0,2.782,12.829,1.28,7.553,2.214,10.357,1.258,7.237,2.471,8.486,1.903,6.685,0.901,5.665,1.5,8.195
149503,2026-09-27T03:57:23+08:00,Accepted,82.17,9efde7b97623e32159004afc89f4f796cfb77905e2d3b985693b2fb5ede800e4,False,[],[],[],4.591,18.543,7.845,29.372,1.356,7.078,0.799,4.997,2.791,12.743,1.278,7.583,2.211,10.252,1.261,7.222,2.445,8.45,1.884,6.718,0.902,5.654,1.5,8.134
149505,2026-09-27T03:59:20+08:00,Accepted,82.08,5cfd6a80d066d8a729ff1b6741541c1c70df7df75eeffe40c67440d4fe962a3c,False,[],[],[],4.6,18.122,7.838,28.89,1.365,7.072,0.796,5.011,2.776,12.72,1.283,7.594,2.216,10.246,1.264,7.204,2.471,8.482,1.882,6.704,0.898,5.666,1.493,8.182
149506,2026-09-27T04:01:30+08:00,Accepted,82,9efde7b97623e32159004afc89f4f796cfb77905e2d3b985693b2fb5ede800e4,False,[],[],[],4.606,18.078,7.862,28.808,1.369,7.009,0.79,5.023,2.798,12.676,1.28,7.613,2.212,10.279,1.266,7.226,2.452,8.417,1.878,6.72,0.901,5.663,1.492,8.279
149508,2026-09-27T04:03:28+08:00,Accepted,82.17,5cfd6a80d066d8a729ff1b6741541c1c70df7df75eeffe40c67440d4fe962a3c,False,[],[],[],4.617,18.028,7.852,28.798,1.369,7.003,0.801,5.036,2.792,13.054,1.279,7.666,2.207,10.264,1.267,7.188,2.445,8.821,1.896,6.777,0.9,5.637,1.498,8.246
149509,2026-09-27T04:05:57+08:00,Accepted,82.17,d20067ab97c8fef64f115c8e69159c9b5c40d99e2f3d62a730c79b5078616f0f,True,[],[],[],4.591,18.07,7.879,28.872,1.364,7.051,0.792,5.069,2.789,12.705,1.258,7.69,2.193,10.259,1.246,7.37,2.439,8.424,1.864,6.681,0.785,5.694,1.388,8.171
149510,2026-09-27T04:08:47+08:00,Accepted,82.25,5cfd6a80d066d8a729ff1b6741541c1c70df7df75eeffe40c67440d4fe962a3c,False,[],[],[],4.608,18.087,7.919,28.855,1.379,7.655,0.806,5.157,2.774,12.708,1.281,7.647,2.208,10.354,1.263,7.256,2.433,8.882,1.885,6.747,0.903,5.689,1.5,8.165
149511,2026-09-27T04:10:52+08:00,Accepted,81.92,d20067ab97c8fef64f115c8e69159c9b5c40d99e2f3d62a730c79b5078616f0f,False,[],[],[],4.646,18.087,7.864,28.911,1.385,7.019,0.797,5.021,2.792,12.695,1.26,7.596,2.214,10.281,1.273,7.201,2.437,8.421,1.887,6.725,0.886,5.673,1.487,8.185
149513,2026-09-27T04:12:49+08:00,Accepted,82.83,5cfd6a80d066d8a729ff1b6741541c1c70df7df75eeffe40c67440d4fe962a3c,False,[],[3],[],4.625,18.543,7.859,29.053,1.356,18.593,0.805,4.992,2.804,12.655,1.28,7.685,2.207,10.274,1.263,7.232,2.443,8.471,1.905,6.701,0.901,5.64,1.498,8.163
149514,2026-09-27T04:14:54+08:00,Accepted,82.17,d20067ab97c8fef64f115c8e69159c9b5c40d99e2f3d62a730c79b5078616f0f,False,[],[],[],4.603,17.982,7.951,28.846,1.36,7.028,0.789,5.015,2.785,12.703,1.258,7.612,2.211,10.277,1.267,7.216,2.44,8.546,1.868,6.804,0.888,6.18,1.493,8.157
149515,2026-09-27T04:16:51+08:00,Accepted,82,5cfd6a80d066d8a729ff1b6741541c1c70df7df75eeffe40c67440d4fe962a3c,False,[],[],[],4.616,18.072,7.916,28.931,1.356,7.042,0.8,5.178,2.803,12.759,1.276,7.661,2.21,10.267,1.263,7.264,2.439,8.452,1.888,6.726,0.899,5.695,1.494,8.167
149516,2026-09-27T04:19:06+08:00,Accepted,82,b9292711f8a11aaf19682852c69d11159856b7b83d040d1e7af9538b8d10c483,True,[],[],[],4.631,18.61,7.817,28.857,1.356,7.05,0.787,5.013,2.755,12.721,1.261,7.63,2.211,10.338,1.265,7.153,2.475,8.427,1.897,6.718,0.882,5.675,1.484,8.161
149517,2026-09-27T04:21:16+08:00,Accepted,82.25,5cfd6a80d066d8a729ff1b6741541c1c70df7df75eeffe40c67440d4fe962a3c,False,[],[],[],4.605,18.041,7.868,28.9,1.379,8.545,0.801,5.086,2.801,12.679,1.278,7.602,2.213,10.296,1.264,7.577,2.451,8.431,1.871,6.703,0.904,5.658,1.499,8.171
149518,2026-09-27T04:23:24+08:00,Accepted,83.08,2b70df5f5e903470c19d450e1bfacdd0e5cbf0859ded3afeb0ab712608a25c4d,True,[],[3],[],4.599,18.202,7.844,29.709,1.351,24.764,0.79,4.997,2.753,13.421,1.263,7.592,2.181,10.283,1.244,7.193,2.453,8.408,1.9,6.74,0.884,5.681,1.485,8.195
149519,2026-09-27T04:25:43+08:00,Accepted,82.17,5cfd6a80d066d8a729ff1b6741541c1c70df7df75eeffe40c67440d4fe962a3c,False,[],[],[],4.639,18.008,7.823,28.85,1.36,7.058,0.8,5.393,2.798,13.128,1.281,7.682,2.206,10.293,1.267,7.212,2.433,8.501,1.891,6.75,0.897,5.696,1.496,8.212
149520,2026-09-27T04:28:08+08:00,Accepted,84.83,a6442ca8d4a717f2e52b4769b697c623c125ab0fd62ce1bf7d859c25d6dcca07,True,"[10, 11, 12]",[],[],4.601,18.582,7.889,30.74,1.359,7.055,0.798,5.064,2.75,12.709,1.256,7.586,2.102,10.248,1.167,7.195,2.45,8.537,0.68,6.788,0.309,5.721,0.47,8.177
149521,2026-09-27T04:31:54+08:00,Accepted,82.08,5cfd6a80d066d8a729ff1b6741541c1c70df7df75eeffe40c67440d4fe962a3c,False,[],[],[],4.615,17.99,7.846,28.864,1.372,7.027,0.811,5.052,2.784,12.68,1.279,8.475,2.212,10.246,1.261,7.254,2.465,8.421,1.903,6.75,0.899,5.653,1.497,8.183
149522,2026-09-27T04:34:07+08:00,Accepted,82.17,a6442ca8d4a717f2e52b4769b697c623c125ab0fd62ce1bf7d859c25d6dcca07,False,[],[],[],4.603,18.525,7.9,28.962,1.35,7.062,0.798,5.135,2.761,12.702,1.265,7.542,2.185,10.286,1.249,7.226,2.472,8.473,1.879,6.742,0.885,5.659,1.484,8.223
149524,2026-09-27T04:36:04+08:00,Accepted,82,5cfd6a80d066d8a729ff1b6741541c1c70df7df75eeffe40c67440d4fe962a3c,False,[],[],[],4.602,18.094,7.855,28.953,1.368,7.112,0.797,4.989,2.774,12.788,1.281,7.575,2.215,10.282,1.261,7.211,2.484,8.472,1.898,6.715,0.899,5.647,1.499,8.143
149526,2026-09-27T04:39:08+08:00,Accepted,84.92,fc7f81eb7109b0d4eb3af5aecf88088c76509f105826baa24933b5a6cbb06cc5,True,"[10, 11, 12]",[],[],4.633,18.612,7.86,28.939,1.343,7.115,0.8,5.005,2.746,12.673,1.26,7.615,2.103,10.449,1.158,7.202,2.439,8.523,0.686,6.75,0.311,5.63,0.47,8.183
149528,2026-09-27T04:45:23+08:00,Accepted,82.33,b2a91c9acf7f6f43db256c1bf0f33314c44b05d32c16d323f7a570f9243c9749,True,[],[],[],4.64,18.117,7.879,28.897,1.357,9.701,0.799,5.06,2.756,12.637,1.26,7.608,2.183,10.293,1.243,7.187,2.49,8.494,1.913,6.744,0.884,5.696,1.486,8.171
149529,2026-09-27T04:47:24+08:00,Accepted,81.92,5cfd6a80d066d8a729ff1b6741541c1c70df7df75eeffe40c67440d4fe962a3c,False,[],[],[],4.601,18.0,7.86,28.883,1.372,6.992,0.805,5.05,2.8,12.714,1.279,7.606,2.213,10.348,1.262,7.256,2.453,8.418,1.902,6.717,0.898,5.665,1.495,8.192
149530,2026-09-27T04:54:59+08:00,Accepted,85,b74482e04b4d1a4a226dc616670e57af72598d8f8bd1d2391376b0d870590fa3,True,"[10, 11, 12]",[],[],4.626,19.358,7.836,29.015,1.346,7.102,0.79,5.054,2.764,12.692,1.257,8.05,2.098,10.292,1.162,7.281,2.459,8.424,0.678,6.755,0.31,5.675,0.469,8.16
149532,2026-09-27T05:03:08+08:00,Accepted,82.08,a6442ca8d4a717f2e52b4769b697c623c125ab0fd62ce1bf7d859c25d6dcca07,False,[],[],[],4.587,18.558,7.834,28.888,1.366,7.022,0.794,5.091,2.749,12.726,1.262,7.682,2.184,10.269,1.239,7.182,2.493,8.437,1.91,6.75,0.889,5.664,1.493,8.178
149534,2026-09-27T05:09:11+08:00,Accepted,82.08,b74482e04b4d1a4a226dc616670e57af72598d8f8bd1d2391376b0d870590fa3,False,[],[],[],4.615,18.076,7.843,28.876,1.355,7.035,0.795,5.013,2.762,12.741,1.264,7.656,2.188,10.243,1.243,7.232,2.49,8.428,1.895,6.725,0.885,5.65,1.489,8.185
149536,2026-09-27T05:12:04+08:00,Accepted,82.42,440728b076a786ca72e3da1fd97a01bb5185f8051f7f612c75ea51dd1c85b5bc,True,[],[],[],4.659,18.037,7.889,28.926,1.35,9.48,0.795,5.053,2.761,12.792,1.263,7.629,2.175,10.315,1.23,7.297,2.473,8.503,1.896,6.765,0.882,5.646,1.49,8.199
149600,2026-09-27T11:07:29+08:00,Accepted,82.17,4d8ac8af6e517a98c6d99f2aff96b9a60f0bf0344996d4c7e9a9bda849d2213a,True,[],[],[],4.622,18.084,7.845,28.79,1.359,7.021,0.791,5.168,2.748,12.815,1.26,7.638,2.181,10.768,1.247,7.198,2.472,8.425,1.883,6.698,0.884,5.673,1.482,8.174
149601,2026-09-27T11:09:29+08:00,Accepted,82.33,a6442ca8d4a717f2e52b4769b697c623c125ab0fd62ce1bf7d859c25d6dcca07,False,[],[],[],4.599,18.097,7.819,29.776,1.359,7.235,0.782,5.239,2.747,12.704,1.265,7.564,2.179,10.282,1.246,7.209,2.472,8.482,1.895,6.72,0.887,5.682,1.482,8.157
149603,2026-09-27T11:11:57+08:00,Accepted,82.42,d1f1e0697c3e99a86f3d34bea6509755be6f70470a2373ec0bd355819c671f9e,True,[],[],[],4.626,19.485,7.927,28.98,1.349,7.107,0.785,5.073,2.774,13.55,1.262,7.594,2.183,10.291,1.241,7.241,2.465,8.506,1.872,7.265,0.885,5.677,1.487,8.164
149604,2026-09-27T11:14:17+08:00,Accepted,82.42,d1f1e0697c3e99a86f3d34bea6509755be6f70470a2373ec0bd355819c671f9e,False,[],[],[],4.656,24.004,7.821,28.993,1.372,6.997,0.795,5.005,2.762,12.604,1.262,7.611,2.187,10.288,1.249,7.209,2.454,8.367,1.866,6.735,0.885,5.651,1.487,8.164
149606,2026-09-27T11:16:11+08:00,Accepted,82.17,a6442ca8d4a717f2e52b4769b697c623c125ab0fd62ce1bf7d859c25d6dcca07,False,[],[],[],4.628,18.026,7.849,28.803,1.376,7.393,0.784,5.073,2.749,12.646,1.261,7.652,2.185,10.277,1.242,7.171,2.459,8.495,1.897,6.815,0.887,5.684,1.487,8.174
149609,2026-09-27T11:21:35+08:00,Accepted,83.5,965def0ea019519a0c598e2f66ae5874c5bc0e9a48f1b6f9656baf2d93bc39a6,True,[10],[],[],4.994,18.062,8.51,29.306,1.353,7.029,0.79,5.083,2.753,12.755,1.255,7.586,2.098,10.313,1.161,7.201,2.419,9.325,0.671,6.719,0.776,5.702,1.381,8.164
149612,2026-09-27T11:25:22+08:00,Accepted,81.92,6f7b6c9112adf5b1e9a8a42791196c8401194199f856ce0e452eaaa2b947fe1c,True,[],[],[],5.021,18.037,8.523,28.982,1.354,7.025,0.802,5.034,2.752,12.732,1.262,7.593,2.186,10.277,1.248,7.234,2.452,8.43,1.87,6.792,0.885,5.663,1.483,8.167
149614,2026-09-27T11:28:23+08:00,Accepted,82.33,c1ee369f4d0430a1123187158883ed0ad97d250d4c61b4c68f2ac10f181fabb0,True,[],[],[],4.604,18.616,7.849,28.902,1.345,7.023,0.779,5.721,2.768,12.782,1.258,8.062,2.176,10.293,1.247,7.207,2.447,8.456,1.887,6.7,0.917,5.69,1.567,8.214
149630,2026-09-27T12:00:37+08:00,Accepted,82.33,87f33377bc2e14481edbe7287ee4e5ba7d64015b67894cafa610ddc4cc8cfa6d,True,[],[],[],4.706,18.064,7.817,28.872,1.351,7.829,0.786,5.636,2.739,12.749,1.265,7.607,2.18,10.32,1.242,7.224,2.449,8.528,1.891,6.725,0.887,5.672,1.481,8.183
149635,2026-09-27T12:09:19+08:00,WrongAnswer,0,48f880aff32946af701e1f6d4e94225d8de2a07d564ae4a5809ef1d4164f521f,True,[],[],[1],0.0,25.271,,,,,,,,,,,,,,,,,,,,,,
149636,2026-09-27T12:11:11+08:00,Accepted,82.08,ffb93da83ba36bc10985917a54dc0f489c057d6d1d465eda686948d588884a0d,True,[],[],[],4.722,18.028,8.014,28.913,1.354,7.02,0.793,5.045,2.756,12.689,1.268,7.623,2.182,10.305,1.24,7.235,2.464,8.464,1.87,6.737,0.883,5.668,1.483,8.2
149639,2026-09-27T12:15:18+08:00,Accepted,83.5,e4fa1704f87f1b089b17d649f00cdae33d0fd7d9ec34f7d1f4689d76e6944f6f,True,[],[],[],4.615,27.027,7.868,29.024,1.354,7.114,0.792,6.676,2.756,12.872,1.256,8.15,2.102,11.185,1.161,7.228,2.416,8.568,1.853,6.709,0.781,5.643,1.373,8.169
149643,2026-09-27T12:23:58+08:00,Accepted,82.08,9dea5de442157955804a923d57eeb40f6b4e67430a6dffb8e2e90e46626d898d,True,[],[],[],4.587,18.123,7.808,28.832,1.353,7.014,0.789,5.057,2.759,12.699,1.26,7.59,2.168,10.323,1.232,7.246,2.449,8.462,1.877,6.717,0.881,5.681,1.489,8.206
149647,2026-09-27T12:27:13+08:00,TimeLimitExceeded,0,5678ed2e5e0e84bf28f8dddc2c4341ac464d9ee1b73a9a3003643a7a24330ae1,True,[],[],[],,,,,,,,,,,,,,,,,,,,,,,,
149653,2026-09-27T12:37:44+08:00,Accepted,82,c9757429e12909e4b69ed406de2305cb69100ccfbb0dea8e6956308195753ee8,True,[],[],[],4.65,18.082,7.848,28.847,1.357,7.005,0.849,5.042,2.774,12.761,1.26,7.594,2.18,10.27,1.239,7.164,2.459,8.423,1.888,6.747,0.881,5.657,1.488,8.143
149659,2026-09-27T12:44:32+08:00,Accepted,82.25,d0303f0ded4b948f21356d56948d0253667f74ac83c686835683c1ff7fe0c772,True,[],[],[],4.665,18.072,7.887,28.941,1.348,7.036,0.792,5.072,2.759,12.735,1.263,7.616,2.18,10.399,1.249,7.252,2.437,8.48,1.882,6.78,0.784,5.669,1.387,8.164
149665,2026-09-27T12:47:31+08:00,Accepted,82.08,d1f1e0697c3e99a86f3d34bea6509755be6f70470a2373ec0bd355819c671f9e,False,[],[],[],4.606,18.306,7.919,28.892,1.365,7.059,0.795,5.102,2.76,12.695,1.258,7.551,2.187,10.264,1.248,7.267,2.43,8.455,1.874,6.665,0.887,5.664,1.481,8.163
149674,2026-09-27T13:27:54+08:00,WrongAnswer,75.25,d482faee8bd25050c83bb8cdc2e5310478e04d4623a5081b637399be63aebf5f,True,[],[],[11],4.602,18.059,7.813,28.873,1.353,7.103,0.789,5.103,2.76,12.673,1.26,7.588,2.097,10.378,1.163,7.206,2.432,8.458,1.873,6.769,0.0,5.666,1.381,8.513
149676,2026-09-27T13:32:09+08:00,WrongAnswer,75.08,82a85cc3699340cc4bfd805e7ced2c33cea445f8666ec345075b4fecfa18d853,True,[],[],[11],4.619,18.027,7.839,28.911,1.359,7.023,0.791,5.022,2.78,12.939,1.26,7.577,2.181,10.239,1.244,7.185,2.463,8.426,1.893,8.019,0.0,5.651,1.49,8.256
149680,2026-09-27T13:37:51+08:00,Accepted,82.17,63117da967202f46e6694e9c07fbe74e673aeeec620bcc34d70367022a613d34,True,[],[],[],4.601,18.038,7.877,28.858,1.35,7.123,0.804,5.066,2.765,12.701,1.264,7.571,2.178,10.231,1.245,7.196,2.438,8.602,1.875,6.767,0.876,5.676,1.485,8.186
149684,2026-09-27T13:40:12+08:00,Accepted,82.17,d1f1e0697c3e99a86f3d34bea6509755be6f70470a2373ec0bd355819c671f9e,False,[],[],[],4.643,18.542,7.858,28.754,1.356,7.0,0.793,5.068,2.766,12.73,1.259,7.579,2.186,10.36,1.241,7.219,2.462,8.843,1.866,6.765,0.885,5.699,1.481,8.157
149687,2026-09-27T13:43:02+08:00,Accepted,82.5,a7b5724ec7cfd1776648a3ad1b0d33e8f80ca05cf54913fed501ed54039826de,True,[],[],[],4.597,17.983,7.897,28.964,1.343,7.037,0.787,5.146,2.746,12.683,1.257,7.565,2.097,10.272,1.159,7.233,2.409,8.485,1.89,6.814,0.772,5.686,1.376,8.236
149690,2026-09-27T13:48:50+08:00,Accepted,82.08,d1f1e0697c3e99a86f3d34bea6509755be6f70470a2373ec0bd355819c671f9e,False,[],[],[],4.609,18.079,7.855,28.878,1.346,7.026,0.8,5.052,2.737,13.032,1.261,7.563,2.178,10.266,1.244,7.21,2.442,8.415,1.882,6.688,0.884,5.705,1.489,8.172
149695,2026-09-27T13:52:30+08:00,Accepted,82.08,a7b5724ec7cfd1776648a3ad1b0d33e8f80ca05cf54913fed501ed54039826de,False,[],[],[],4.622,18.479,7.815,28.954,1.352,7.013,0.799,5.025,2.757,12.796,1.26,7.737,2.183,10.318,1.246,7.2,2.469,8.447,1.881,6.737,0.876,5.686,1.485,8.208
149700,2026-09-27T13:58:42+08:00,Accepted,83.25,760c949d33eac1ad57da676a857f6eec681e2ebe3fc5d6831c5decdbeca8a86f,True,[],[3],[],4.609,20.076,7.873,28.849,1.336,28.602,0.788,5.051,2.757,12.697,1.26,7.568,2.186,10.327,1.24,7.216,2.445,8.504,1.876,6.758,0.869,5.66,1.484,8.173
149702,2026-09-27T14:00:54+08:00,Accepted,82.08,d1f1e0697c3e99a86f3d34bea6509755be6f70470a2373ec0bd355819c671f9e,False,[],[],[],4.63,18.03,7.875,28.821,1.354,7.034,0.793,5.003,2.774,12.727,1.262,7.604,2.183,10.287,1.248,7.185,2.464,8.476,1.863,6.721,0.885,5.654,1.485,8.138
149703,2026-09-27T14:03:07+08:00,Accepted,82.17,760c949d33eac1ad57da676a857f6eec681e2ebe3fc5d6831c5decdbeca8a86f,False,[],[],[],4.612,17.998,7.854,28.935,1.361,7.032,0.797,5.024,2.759,12.769,1.264,7.614,2.185,10.306,1.243,7.309,2.458,8.454,1.874,6.703,0.874,5.685,1.483,8.412
149707,2026-09-27T14:07:50+08:00,WrongAnswer,0,d5bbd1fa7e4d60fecd9bd14970ac3e1d1f5493ced628e88ddc1ad011b8506ce3,True,[],[],[],,,,,,,,,,,,,,,,,,,,,,,,
149710,2026-09-27T14:10:47+08:00,WrongAnswer,0,19f701043c37900ef82d08c5a3242f8098380883e39fbfbc45b91d2b9ead7924,True,[],[],[],,,,,,,,,,,,,,,,,,,,,,,,
149712,2026-09-27T14:12:39+08:00,Canceled,,dd28f582d74ae445d8fd78066e20ae20889e7272fbb34cefc13d8d0c6766e195,True,[],[],[],,,,,,,,,,,,,,,,,,,,,,,,
149724,2026-09-27T14:27:20+08:00,Canceled,,eae74aa12da4d629f8f09e8ecae979229aa581b218d5f7abae135bfd62ea98a1,True,[],[],[],,,,,,,,,,,,,,,,,,,,,,,,
149732,2026-09-27T14:34:47+08:00,Canceled,,89f66d380fc7b1bc97c8fa9f6b00c57b580e55f1dca3ec6dffb2320ea1bb92b5,True,[],[],[],,,,,,,,,,,,,,,,,,,,,,,,
149735,2026-09-27T14:43:18+08:00,Accepted,82.08,d1f1e0697c3e99a86f3d34bea6509755be6f70470a2373ec0bd355819c671f9e,False,[],[],[],4.686,18.122,7.852,28.874,1.361,7.053,0.795,5.04,2.761,12.766,1.267,7.615,2.187,10.307,1.246,7.174,2.454,8.444,1.874,6.747,0.887,5.665,1.485,8.181
149740,2026-09-27T14:47:09+08:00,Accepted,81,6d580141fed043886336652e5d9347d5072d538a60529f8a43f053fefe199e9c,True,[],[],[],4.601,18.024,7.882,28.863,1.342,6.989,0.782,5.38,2.762,12.701,1.261,7.581,2.188,10.291,1.246,7.184,3.356,8.472,2.84,6.646,0.884,5.647,1.484,8.157
149742,2026-09-27T14:50:57+08:00,Canceled,,51ea1a2204af0c385754e2e6f10c80efd602e974747fb017e7db392e3ae92e16,True,[],[],[],,,,,,,,,,,,,,,,,,,,,,,,
149745,2026-09-27T14:55:13+08:00,Accepted,83,fcb81b818bd114b4fc22c582953c6b9ec3b0d0f1eb39a986a979cb2f33d9ab6f,True,[],[2],[],4.597,18.808,7.9,87.819,1.35,7.009,0.795,5.016,2.764,15.247,1.26,7.605,2.184,10.307,1.245,7.226,2.709,8.469,2.153,6.689,0.889,5.718,1.488,8.158
149747,2026-09-27T14:57:52+08:00,WrongAnswer,0,b7a7d6f68b9ff5a9a4fa79baa9760bbd88c0f779bf2db9a5f5232642dac9fd66,True,[],[],[],,,,,,,,,,,,,,,,,,,,,,,,
149751,2026-09-27T14:59:53+08:00,WrongAnswer,0,c551e37c010dd476b1145a5bcc397a8c5d58fb30a7551227ff4dc6060eb816a3,True,[],[],[],,,,,,,,,,,,,,,,,,,,,,,,
149752,2026-09-27T15:01:27+08:00,Accepted,81.83,ffba04a4943fe89c4ff5b093733e2b265fb7418c9cb90f744078469a8ade72b7,True,[],[],[],4.618,18.005,7.854,28.949,1.359,7.493,0.799,5.092,2.759,12.998,1.26,7.616,2.184,10.245,1.241,7.213,2.73,8.4,2.079,6.703,0.886,5.714,1.483,8.175
149753,2026-09-27T15:03:57+08:00,WrongAnswer,0,d26402cd9df4dc16213efd9138865df821ac9ebde08a6f331857a0675bcbb333,True,[],[],[],,,,,,,,,,,,,,,,,,,,,,,,
149754,2026-09-27T15:06:04+08:00,WrongAnswer,0,c22351235f82e5b8402443993213800e18d20235273daab3c9483352d5f9645b,True,[],[],[],,,,,,,,,,,,,,,,,,,,,,,,
149756,2026-09-27T15:08:09+08:00,WrongAnswer,0,b3e8b67e9c0ca9dcf8204aba24fdbe7bb5b35be4fa17d1fa62d637c2aa05b3b4,True,[],[],[],,,,,,,,,,,,,,,,,,,,,,,,
149758,2026-09-27T15:13:36+08:00,WrongAnswer,0,93c161bf39823680f0033cd037686faff91f955f12df4a133f2161ed713a028e,True,[],[],[],,,,,,,,,,,,,,,,,,,,,,,,
149759,2026-09-27T15:15:58+08:00,WrongAnswer,0,5e1c8a0a364091db49b835320b8c6dbcbf2f251189c1c00ecb58f2a5d5efdbf3,True,[],[],[],,,,,,,,,,,,,,,,,,,,,,,,
149765,2026-09-27T15:26:02+08:00,WrongAnswer,0,1c6a9aaafa5ad67da40b56d1ed734dddb91642a976f9269c985a0fd023311100,True,[],[],[],,,,,,,,,,,,,,,,,,,,,,,,
149766,2026-09-27T15:27:51+08:00,WrongAnswer,0,4ef9d818f19fa1aea711f9e794d7762a958925c0a047ca212228080b8e13210d,True,[],[],[],,,,,,,,,,,,,,,,,,,,,,,,
149768,2026-09-27T15:29:54+08:00,Accepted,82.17,be42c1f22b65e27c6411f3396b2199a98f42faebe5b42679f94aea1a25d1e057,True,[],[],[],4.607,18.082,7.828,28.869,1.358,7.02,0.78,5.07,2.718,12.679,1.241,7.648,2.166,10.234,1.227,7.2,2.467,8.512,1.884,6.775,0.864,5.663,1.468,8.169
149772,2026-09-27T15:33:01+08:00,Accepted,82.08,d1f1e0697c3e99a86f3d34bea6509755be6f70470a2373ec0bd355819c671f9e,False,[],[],[],4.616,18.016,7.853,28.934,1.364,7.023,0.802,5.02,2.743,12.662,1.263,7.674,2.184,10.277,1.244,7.189,2.434,8.42,1.871,6.706,0.885,5.681,1.484,8.213
149773,2026-09-27T15:36:02+08:00,Accepted,82.08,bba0ccd1bd5c9c5c2ee9d1699a9d43050090033b3459fb09281917a401cd6213,True,[],[],[],4.615,18.072,7.922,28.842,1.342,7.01,0.787,5.051,2.749,12.78,1.247,7.561,2.183,10.296,1.229,7.216,2.456,8.425,1.883,6.703,0.87,5.71,1.468,8.163
149775,2026-09-27T15:38:48+08:00,Accepted,82.25,55a565344a87b7ee7a8f2af908a8928494d8567d804bd920ee005c32997ced84,True,[],[],[],4.614,18.017,7.824,29.939,1.35,7.02,0.778,5.067,2.747,12.71,1.261,8.051,2.177,10.308,1.231,7.244,2.46,8.544,1.883,6.776,0.872,5.652,1.474,8.187
149777,2026-09-27T15:41:16+08:00,Accepted,82.17,024251f1f3918d4b41624baad095a490a08f4f2be4e4412f2f73861ee76fdb86,True,[],[],[],4.604,18.058,7.849,28.87,1.36,7.019,0.783,5.023,2.767,13.054,1.243,7.638,2.179,10.279,1.221,7.221,2.451,8.454,1.881,6.779,0.87,5.648,1.47,8.196
149782,2026-09-27T15:43:35+08:00,Accepted,82.33,488ef15d586d1c0ea8440b7eada20b633e6c9be593564a134c3023aa23e8b840,True,[],[],[],4.658,18.725,7.843,28.846,1.356,7.002,0.785,5.077,2.766,12.788,1.259,7.562,2.184,10.295,1.234,7.208,2.43,9.387,1.867,6.785,0.869,5.69,1.478,8.235
149784,2026-09-27T15:45:55+08:00,Accepted,82.25,f54ff731cb5ae8193e992c9cddf42f0390b14bc6add1d18ced300db9d956af69,True,[],[],[],4.594,18.037,7.835,28.939,1.334,7.131,0.789,4.998,2.745,12.698,1.241,7.668,2.185,10.297,1.231,7.203,2.441,8.436,1.895,6.765,0.872,5.773,1.48,8.194
149787,2026-09-27T15:48:51+08:00,Accepted,82.08,36eef7b33d0c0bd894481a517f5852c317283dcd5a882f0be93dab62d7754f88,True,[],[],[],4.619,18.076,7.911,28.984,1.349,6.997,0.784,5.062,2.757,12.676,1.245,7.563,2.184,10.299,1.226,7.223,2.432,8.46,1.882,6.718,0.869,5.65,1.474,8.16
149911,2026-09-27T19:10:51+08:00,Accepted,82.33,ff51261a14482ea2177794419334fede7e421f10bab95306c730ed1c5274f520,True,[],[],[],4.63,18.094,7.85,29.633,1.347,7.296,0.792,4.996,2.748,12.724,1.425,7.608,2.185,10.316,1.225,7.259,2.449,9.359,1.885,6.76,0.875,5.68,1.475,8.153
149915,2026-09-27T19:18:09+08:00,Accepted,82.42,2748d929ca024e7d967b01e2a17c5b8f371b65cfc89e1ce78abb37fae209d1ec,True,[],[],[],4.594,19.9,7.839,28.802,1.347,7.052,0.783,5.681,2.748,13.053,1.244,7.671,2.176,10.276,1.227,7.236,2.433,8.521,1.859,6.73,0.878,5.71,1.479,8.188
149917,2026-09-27T19:20:25+08:00,Accepted,82,515b342ead028a2994e3e497eefc57c66a63a2b844f0df143febe2c2fb72255e,True,[],[],[],4.62,18.011,7.888,28.876,1.344,7.05,0.796,5.083,2.75,12.759,1.244,7.602,2.185,10.252,1.233,7.188,2.431,8.448,1.893,6.698,0.881,5.682,1.485,8.166
149920,2026-09-27T19:22:43+08:00,Accepted,82.17,efbd47f0e57e2e957109751eb7fa9b5ef94d01a2f46e02360fea58cc99351edc,True,[],[],[],4.622,18.085,7.885,28.912,1.356,7.074,0.797,5.083,2.776,12.648,1.246,7.537,2.182,10.273,1.232,7.31,2.442,8.491,1.871,7.19,0.87,5.68,1.474,8.157
149922,2026-09-27T19:25:02+08:00,Accepted,82.08,d57a4b9c082168e0a6801ca5adecb742ceedcd7363d4df5252224f3704748742,True,[],[],[],4.629,18.467,7.853,28.986,1.353,7.022,0.792,5.091,2.742,12.747,1.247,7.598,2.183,10.286,1.232,7.186,2.47,8.434,1.87,6.741,0.871,5.662,1.472,8.143
149925,2026-09-27T19:27:31+08:00,WrongAnswer,26.08,132f0e51d89aafc22009b24440a048b762bd808a61866bc75cd82b366db296b2,True,[],[],"[3, 4, 5, 6, 7, 8, 11, 12]",4.621,18.044,7.82,28.854,0.0,7.118,0.0,5.103,0.0,12.781,0.0,7.648,0.0,10.276,0.0,7.303,2.444,8.831,1.864,6.707,0.0,5.676,0.0,8.208
149930,2026-09-27T19:30:36+08:00,Accepted,82.42,436f0a227678eb9caa255627837727f066884bbeb4bd4a0a829d08155353c8fc,True,[],[],[],4.606,18.102,7.854,28.92,1.335,8.22,0.779,5.029,2.766,12.757,1.241,8.065,2.177,10.288,1.226,7.229,2.47,8.499,1.871,6.756,0.865,5.668,1.459,8.16
149932,2026-09-27T19:33:11+08:00,Accepted,82.08,f54ff731cb5ae8193e992c9cddf42f0390b14bc6add1d18ced300db9d956af69,False,[],[],[],4.63,18.031,7.871,28.805,1.364,7.02,0.793,5.045,2.781,12.775,1.246,7.594,2.184,10.31,1.232,7.215,2.458,8.454,1.868,6.658,0.872,5.694,1.468,8.142
149935,2026-09-27T19:35:24+08:00,Accepted,82.08,436f0a227678eb9caa255627837727f066884bbeb4bd4a0a829d08155353c8fc,False,[],[],[],4.599,18.06,7.869,28.864,1.347,7.026,0.789,5.038,2.758,12.693,1.246,7.587,2.18,10.398,1.228,7.171,2.467,8.494,1.865,6.724,0.868,5.667,1.471,8.168
149938,2026-09-27T19:37:48+08:00,Accepted,82.83,3f51a2af1d474d2e46bb796ea7763154aa73ada3bfa1b01eccc4235a661d7eb9,True,[],[],[],4.596,18.088,7.828,28.962,1.345,8.716,0.776,9.484,2.738,12.746,1.246,7.65,2.179,10.283,1.225,7.233,2.44,8.437,1.867,6.732,0.87,5.655,1.47,8.165
149943,2026-09-27T19:42:41+08:00,Accepted,82.08,833b7201794408d1bd546d0164c989007b1816c4ab75d8c24d14cf6f7465170d,True,[],[],[],4.636,18.092,7.82,28.839,1.363,7.037,0.793,5.048,2.754,12.756,1.244,7.599,2.179,10.214,1.227,7.187,2.438,8.44,1.885,6.762,0.874,5.67,1.481,8.173
149947,2026-09-27T19:45:41+08:00,Accepted,82.5,83daa6d5966e9d00544a25e87ce027ec5c21204e5d68c151ba40b5d9499937e7,True,[],[],[],4.622,18.057,7.864,39.18,1.356,7.015,0.788,5.102,2.749,12.691,1.251,7.629,2.182,10.266,1.228,7.207,2.461,8.427,1.87,6.718,0.873,5.685,1.476,8.167
149951,2026-09-27T19:48:17+08:00,WrongAnswer,0,33ef075f22430ea4f401b89ad1516b7d67d78902e1511058113a2f6cbc905811,True,[],[],[1],0.0,0.0,,,,,,,,,,,,,,,,,,,,,,
149952,2026-09-27T19:49:54+08:00,Canceled,,29e245f7107f61c6e9bd99ff928d06cba2d8602d92d61169cefe28e355ac5426,True,[],[],[],,,,,,,,,,,,,,,,,,,,,,,,
149959,2026-09-27T19:55:01+08:00,WrongAnswer,0,c501adda1ab80c110e51f7dc4af70903f9db96b0d71b56bf116e7715aba54e67,True,[],[],[],,,,,,,,,,,,,,,,,,,,,,,,
149969,2026-09-27T20:01:15+08:00,Canceled,,1fbaf708a9807fbc36ff0663fabc6e9de1dc16d58a8053b26074467f56ee7137,True,[],[],[],,,,,,,,,,,,,,,,,,,,,,,,
149970,2026-09-27T20:06:18+08:00,WrongAnswer,0,1a4185e4c52711341f0e0a0bd7c86c0cdf1030e3e008b8464069409eb448315a,True,[],[],[],,,,,,,,,,,,,,,,,,,,,,,,
149972,2026-09-27T20:09:46+08:00,WrongAnswer,13.08,28c80e6eadfc975c5e31bf07427a816ad433e4a5d97b337ad0a582625b6cd664,True,[],[],[],,,,,,,,,,,,,,,,,,,,,,,,
150002,2026-09-27T21:02:05+08:00,WrongAnswer,0,81399708b99ab8edb3ac5487aa5b4d464a109d576464330ab6841951d452f101,True,[],[],[],,,,,,,,,,,,,,,,,,,,,,,,
150008,2026-09-27T21:06:52+08:00,Accepted,82.75,9e948d55fc7a4020c1e6ed0c0a5cc00610363f22e1048ce487fabdbe3cc75643,True,[],[],[],4.613,18.021,7.877,28.831,1.437,7.087,0.78,5.599,2.743,12.993,1.226,7.59,2.172,12.166,1.206,7.256,2.438,8.439,1.859,7.237,0.769,5.679,1.36,8.312
150917,2026-09-29T01:54:40+08:00,Accepted,82.67,436f0a227678eb9caa255627837727f066884bbeb4bd4a0a829d08155353c8fc,False,[],[4],[],4.649,17.754,7.92,28.812,1.333,6.951,0.803,14.97,2.744,12.138,1.249,7.473,2.182,10.237,1.238,7.155,2.425,7.724,1.894,7.237,0.873,5.686,1.475,8.172
150920,2026-09-29T01:56:38+08:00,Accepted,81.67,9e948d55fc7a4020c1e6ed0c0a5cc00610363f22e1048ce487fabdbe3cc75643,False,[],[],[],4.637,17.728,7.818,28.799,1.43,6.928,0.873,5.514,2.847,12.086,1.242,7.479,2.19,10.278,1.234,7.142,2.461,7.691,1.878,6.699,0.873,5.721,1.467,8.211
150923,2026-09-29T02:00:17+08:00,Accepted,82.33,0b106a0f179360b5ba31dccb6a8a859d449b4e00791d495c10fd21f9c23cd73b,True,[],[],[],4.675,17.998,7.855,28.717,1.344,6.915,0.786,5.489,2.755,12.078,1.241,7.502,2.17,10.244,1.209,7.193,2.439,7.794,1.871,7.241,0.767,5.654,1.374,8.226
150926,2026-09-29T02:03:16+08:00,Accepted,81.75,436f0a227678eb9caa255627837727f066884bbeb4bd4a0a829d08155353c8fc,False,[],[],[],4.62,17.701,7.831,28.692,1.349,6.915,0.784,4.97,2.758,12.113,1.247,7.485,2.184,10.272,1.229,7.102,2.475,7.734,1.886,6.671,0.874,5.653,1.472,8.278
150928,2026-09-29T02:06:14+08:00,TimeLimitExceeded,0,c5c59201fc804f9e6d4688dcbb0087efea442de18334db6a68192eef4067b8c4,True,[],[],[],,,,,,,,,,,,,,,,,,,,,,,,
150934,2026-09-29T02:15:07+08:00,Accepted,81.83,436f0a227678eb9caa255627837727f066884bbeb4bd4a0a829d08155353c8fc,False,[],[],[],4.64,17.653,7.829,29.085,1.336,6.946,0.784,5.018,2.777,12.119,1.247,7.52,2.178,10.346,1.232,7.167,2.477,7.737,1.877,6.69,0.875,5.667,1.473,8.153
150936,2026-09-29T02:17:06+08:00,Accepted,81.75,0b106a0f179360b5ba31dccb6a8a859d449b4e00791d495c10fd21f9c23cd73b,False,[],[],[],4.619,17.705,7.855,28.81,1.343,6.943,0.792,5.041,2.771,12.149,1.248,7.593,2.176,10.324,1.228,7.1,2.454,7.733,1.889,6.687,0.872,5.635,1.469,8.165
150941,2026-09-29T02:22:54+08:00,Accepted,84.5,1526ea9559af7da41743504d8a69a550d3f4801a0c0d34d135f63552d79f3e83,True,"[11, 12]",[],[],4.606,17.71,7.853,28.605,1.353,6.937,0.783,4.948,2.749,12.171,1.226,8.019,2.099,10.269,1.148,7.162,2.411,7.75,1.875,6.731,0.096,5.671,0.0,8.565
150942,2026-09-29T02:26:27+08:00,Accepted,81.92,436f0a227678eb9caa255627837727f066884bbeb4bd4a0a829d08155353c8fc,False,[],[],[],4.59,17.99,7.839,28.748,1.343,6.918,0.788,5.011,2.778,12.194,1.242,7.523,2.181,10.253,1.233,7.189,2.437,7.762,1.875,6.7,0.874,5.676,1.472,8.145
150943,2026-09-29T02:28:30+08:00,Accepted,81.83,436f0a227678eb9caa255627837727f066884bbeb4bd4a0a829d08155353c8fc,False,[],[],[],4.617,17.693,7.878,28.745,1.346,6.951,0.779,5.005,2.759,12.111,1.244,7.489,2.181,10.288,1.225,7.164,2.472,7.75,1.881,6.682,0.873,5.667,1.469,8.127
150945,2026-09-29T02:30:28+08:00,Accepted,81.75,1526ea9559af7da41743504d8a69a550d3f4801a0c0d34d135f63552d79f3e83,False,[],[],[],4.625,17.704,7.821,28.743,1.358,6.928,0.786,4.965,2.761,12.121,1.245,7.485,2.182,10.306,1.235,7.196,2.465,7.729,1.892,6.648,0.87,5.666,1.473,8.155
150961,2026-09-29T03:24:43+08:00,WrongAnswer,69.17,75e59e1132b934b5d25e956ca38dbf7b2bf232964b73de77157b6b4513bc9671,True,[],[],"[9, 10]",4.616,17.682,7.837,28.737,1.352,6.921,0.786,4.917,2.747,12.103,1.243,7.465,2.186,10.338,1.228,7.116,0.0,0.0,0.0,0.0,0.862,5.78,1.46,7.671
150964,2026-09-29T03:27:42+08:00,Accepted,81.33,df31a8e1ad102c7d19f76461ed30632154499b9eb7844ce11a881ba7ea0745b7,True,[],[],[],4.646,17.658,7.844,28.763,1.337,6.979,0.786,4.988,2.736,12.047,1.247,7.89,2.179,10.22,1.229,7.154,2.843,7.707,2.441,6.7,0.869,5.664,1.476,8.156
150965,2026-09-29T03:31:37+08:00,Accepted,81.5,1babc7dd37bb51f39ec5e03927480a97f1780090cc9ce9773fa2499443e1ed53,True,[],[],[],4.613,17.663,7.893,28.632,1.351,7.077,0.788,4.966,2.752,12.096,1.249,7.587,2.186,10.273,1.228,7.148,2.705,7.718,2.31,6.785,0.862,5.675,1.376,8.172
150966,2026-09-29T03:39:29+08:00,WrongAnswer,69.25,e94d9ab2b84c1dffc465a6850bb6991e95b62d3739c5f4d1856f3882cdda895a,True,[],[],"[9, 10]",4.696,17.719,7.856,28.745,1.344,6.923,0.779,4.959,2.759,12.082,1.244,7.529,2.186,10.274,1.232,7.13,0.0,0.0,0.0,0.0,0.774,5.722,1.378,7.692
150967,2026-09-29T03:42:48+08:00,WrongAnswer,69.17,8fb78adf25b6e5284b510142db0aa33e618db0d7c9be6c4ad2fba1c138f9a934,True,[],[],"[9, 10]",4.602,17.697,7.914,28.666,1.335,6.915,0.793,4.932,2.747,12.097,1.246,7.493,2.182,10.253,1.23,7.131,0.0,0.0,0.0,0.0,0.868,5.825,1.464,7.7
150969,2026-09-29T03:46:07+08:00,WrongAnswer,69,e35700fbd4d09f666308fd79e9a7a702a8678e86f2fd6ab42c74373a50ee5753,True,[],[],"[9, 10]",4.624,18.252,7.838,28.792,1.338,7.024,0.793,4.993,2.765,12.064,1.246,7.551,2.18,10.218,1.228,7.137,0.0,0.0,0.0,0.0,0.866,5.747,1.469,7.686
150973,2026-09-29T03:50:42+08:00,WrongAnswer,69.08,f1e8868870a4791c102690f664fc4e7e2cdb7bc575ebf0d918c2f762b0b05e51,True,[],[],"[9, 10]",4.644,17.685,7.83,28.778,1.343,6.975,0.789,5.001,2.765,12.102,1.244,7.541,2.181,10.313,1.228,7.144,0.0,0.0,0.0,0.0,0.867,5.732,1.38,7.698
150976,2026-09-29T03:54:25+08:00,TimeLimitExceeded,0,606cb73bb56f4f68b89c6d78a66f0f0f954eb15e57482998a14883c6617aa1d2,True,[],[],[],,,,,,,,,,,,,,,,,,,,,,,,
151045,2026-09-29T11:50:36+08:00,WrongAnswer,69.42,2bfbde97c28a13e9ff1f176a093b510e14dff794a0e264707b4480f7f791cb14,True,[],[],"[9, 10]",4.623,17.668,7.858,28.916,1.35,7.214,0.786,4.931,2.738,12.077,1.238,7.509,2.155,10.35,1.151,7.207,0.0,0.0,0.0,0.0,0.774,5.738,1.374,7.692
151051,2026-09-29T11:55:26+08:00,Accepted,81.83,86f03a20fbfe949b2bc24e12d1df999010faa6c0cd6b447f35b0baa433d601dc,True,[],[],[],4.639,17.674,7.828,28.799,1.361,6.942,0.795,4.975,2.755,12.187,1.248,7.486,2.183,10.276,1.229,7.155,2.47,7.728,1.856,6.718,0.87,5.683,1.467,8.127
151056,2026-09-29T11:58:42+08:00,WrongAnswer,0,2e5a6138ff2997ccf7a16bd105b041c29389b70540ee6469f11b7abcc52470ed,True,[],[],[1],0.0,17.672,,,,,,,,,,,,,,,,,,,,,,
151061,2026-09-29T12:07:28+08:00,Accepted,81.75,a6b355a38b285448ff376605880325a263da3a01462629e919ab2f0dcc2e90db,True,[],[],[],4.616,17.69,7.834,28.679,1.347,6.909,0.789,4.927,2.748,12.067,1.242,7.588,2.175,10.249,1.228,7.175,2.946,7.768,2.047,6.67,0.769,5.7,1.377,8.728
151064,2026-09-29T12:11:02+08:00,WrongAnswer,71.67,1f02f5e2bec991bb12566f818188dc315be5a0e53f7915b136f900b0ce5290d8,True,"[11, 12]",[],"[9, 10]",4.684,17.66,7.829,28.6,1.336,6.937,0.787,4.937,2.752,12.593,1.228,7.521,2.097,10.282,1.146,7.172,0.0,0.0,0.0,0.0,0.096,5.751,0.0,7.722
151071,2026-09-29T12:14:45+08:00,Accepted,81.83,436f0a227678eb9caa255627837727f066884bbeb4bd4a0a829d08155353c8fc,False,[],[],[],4.61,17.671,7.834,28.673,1.341,6.948,0.783,4.926,2.754,12.075,1.247,7.559,2.18,10.24,1.226,7.137,2.46,7.774,1.859,6.652,0.875,5.682,1.478,8.237
151076,2026-09-29T12:17:18+08:00,WrongAnswer,69.08,0292276fa590c5d6c567ef2b954711a726ce51e8de1679d14f40eeecb77223b2,True,[],[],"[9, 10]",4.653,17.654,7.85,28.734,1.345,6.926,0.782,4.961,2.75,12.088,1.242,7.564,2.185,10.348,1.229,7.171,0.0,0.0,0.0,0.0,0.867,5.741,1.464,7.697
151078,2026-09-29T12:20:33+08:00,WrongAnswer,0,2b3000dedee4693c6b10d8fd8d9c37aa9f83087a0763f5513d064128e8639e9d,True,[],[],[],,,,,,,,,,,,,,,,,,,,,,,,
151081,2026-09-29T12:23:38+08:00,WrongAnswer,0,5fd2b81b0cb069ef7f2bcf7c89184ec55d953155606b38ce2abbb1b749b0ce63,True,[],[],[],,,,,,,,,,,,,,,,,,,,,,,,
151082,2026-09-29T12:26:55+08:00,WrongAnswer,0,dd084491c88a308439254ce8eaf24664c74228c5e973cf927cbf54c973221c75,True,[],[],[],,,,,,,,,,,,,,,,,,,,,,,,
151086,2026-09-29T12:28:52+08:00,WrongAnswer,69.08,2240ff36ea474244281b701dc1c16e3e5629e22fe5d59f58c989ee617433af9e,True,[],[],"[9, 10]",4.615,17.663,7.839,28.66,1.348,6.939,0.781,4.989,2.774,12.1,1.247,7.499,2.189,10.211,1.23,7.118,0.0,0.0,0.0,0.0,0.863,5.712,1.462,7.676
151096,2026-09-29T12:38:51+08:00,Accepted,81.67,6c75ad4907f06376e08abe64d5f22be3464117e97d532fbe9febadec96a4c795,True,[],[],[],4.73,17.703,7.984,29.147,1.346,6.93,0.793,4.922,2.736,12.052,1.251,7.596,2.187,10.242,1.232,7.138,2.473,7.798,1.897,6.633,0.87,5.661,1.468,8.153
151099,2026-09-29T12:41:57+08:00,Accepted,81.92,93b08483817081e099a456109cb1145f971031ce6a10e858e74177dca87a06ef,True,[],[],[],4.608,17.675,7.852,28.632,1.345,6.95,0.782,4.949,2.741,12.149,1.243,7.492,2.184,10.278,1.23,7.172,2.447,7.759,1.868,6.705,0.87,5.67,1.473,8.157
151103,2026-09-29T12:45:27+08:00,Accepted,81.83,436f0a227678eb9caa255627837727f066884bbeb4bd4a0a829d08155353c8fc,False,[],[],[],4.604,17.662,7.849,28.664,1.355,6.924,0.787,4.972,2.756,12.092,1.248,7.452,2.179,10.283,1.229,7.167,2.439,7.779,1.896,6.704,0.875,5.681,1.473,8.14
151105,2026-09-29T12:47:11+08:00,Accepted,81.92,436f0a227678eb9caa255627837727f066884bbeb4bd4a0a829d08155353c8fc,False,[],[],[],4.617,17.622,7.899,28.801,1.359,6.93,0.786,4.938,2.74,12.107,1.245,7.472,2.186,10.262,1.23,7.152,2.449,7.754,1.881,6.679,0.872,5.677,1.474,8.554
151107,2026-09-29T12:47:42+08:00,Accepted,81.83,436f0a227678eb9caa255627837727f066884bbeb4bd4a0a829d08155353c8fc,False,[],[],[],4.601,17.652,7.85,28.691,1.341,6.957,0.78,4.913,2.757,12.134,1.243,7.451,2.179,10.273,1.232,7.172,2.443,7.754,1.903,6.671,0.872,5.659,1.472,8.175
151109,2026-09-29T12:48:13+08:00,Canceled,,436f0a227678eb9caa255627837727f066884bbeb4bd4a0a829d08155353c8fc,False,[],[],[],,,,,,,,,,,,,,,,,,,,,,,,
151111,2026-09-29T12:48:45+08:00,Canceled,,436f0a227678eb9caa255627837727f066884bbeb4bd4a0a829d08155353c8fc,False,[],[],[],,,,,,,,,,,,,,,,,,,,,,,,
151112,2026-09-29T12:49:17+08:00,Canceled,,436f0a227678eb9caa255627837727f066884bbeb4bd4a0a829d08155353c8fc,False,[],[],[],,,,,,,,,,,,,,,,,,,,,,,,
151117,2026-09-29T12:55:52+08:00,Canceled,,436f0a227678eb9caa255627837727f066884bbeb4bd4a0a829d08155353c8fc,False,[],[],[],,,,,,,,,,,,,,,,,,,,,,,,
151118,2026-09-29T12:56:25+08:00,Canceled,,436f0a227678eb9caa255627837727f066884bbeb4bd4a0a829d08155353c8fc,False,[],[],[],,,,,,,,,,,,,,,,,,,,,,,,
151119,2026-09-29T12:56:56+08:00,Canceled,,436f0a227678eb9caa255627837727f066884bbeb4bd4a0a829d08155353c8fc,False,[],[],[],,,,,,,,,,,,,,,,,,,,,,,,
151122,2026-09-29T13:00:28+08:00,Canceled,,5454ffa7ac17f66b6ed67a95a31e97f14264a1626939c0d57ffe9f2f6f17ec89,True,[],[],[],,,,,,,,,,,,,,,,,,,,,,,,
151132,2026-09-29T13:10:10+08:00,Canceled,,7fa56f64d55dc2631bbd7ebae43204389831117b8bec97af358f3eee82787ea5,True,[],[],[],,,,,,,,,,,,,,,,,,,,,,,,
151162,2026-09-29T13:55:19+08:00,Accepted,81.67,f4694b80509ff33840cbe774f21ebbf712f7b6744c8d729be5dcad1fccb9fc24,True,[],[],[],4.594,17.746,7.828,28.736,1.352,6.993,0.788,5.048,2.753,12.164,1.243,7.525,2.182,10.257,1.227,7.276,2.441,7.85,1.899,6.674,0.967,5.678,1.67,8.206
151166,2026-09-29T13:57:51+08:00,Accepted,82.25,436f0a227678eb9caa255627837727f066884bbeb4bd4a0a829d08155353c8fc,False,[],[],[],4.616,17.678,7.922,28.689,1.353,6.924,0.794,4.997,2.743,12.04,1.243,7.535,2.18,10.267,1.232,7.265,2.443,10.267,1.877,6.697,0.874,5.686,1.473,8.151
151173,2026-09-29T14:03:11+08:00,Accepted,82.17,436f0a227678eb9caa255627837727f066884bbeb4bd4a0a829d08155353c8fc,False,[],[],[],4.6,17.634,7.857,28.795,1.363,6.929,0.787,4.956,2.74,12.068,1.245,7.522,2.188,10.315,1.23,7.152,2.452,7.803,1.878,6.68,0.872,7.721,1.473,8.188
151179,2026-09-29T14:05:13+08:00,Accepted,81.92,436f0a227678eb9caa255627837727f066884bbeb4bd4a0a829d08155353c8fc,False,[],[],[],4.618,17.656,7.834,28.9,1.351,7.075,0.785,4.91,2.756,12.043,1.242,7.562,2.182,10.213,1.229,7.516,2.462,7.756,1.875,6.707,0.873,5.649,1.478,8.505
151191,2026-09-29T14:13:15+08:00,Canceled,,7fa56f64d55dc2631bbd7ebae43204389831117b8bec97af358f3eee82787ea5,False,[],[],[],,,,,,,,,,,,,,,,,,,,,,,,
151212,2026-09-29T14:25:11+08:00,Accepted,82.17,2633cc995eb2563e22c1a212df1256141bdc1b520fe841d4dd4c15c0d382e7bf,True,[],[],[],4.592,18.008,7.828,28.623,1.348,7.011,0.789,5.573,2.759,12.093,1.249,7.455,2.177,10.313,1.227,7.162,2.432,7.807,1.841,6.725,0.774,5.668,1.371,8.184
151219,2026-09-29T14:28:24+08:00,Accepted,82.08,2633cc995eb2563e22c1a212df1256141bdc1b520fe841d4dd4c15c0d382e7bf,False,[],[],[],4.6,17.685,7.865,28.831,1.335,6.943,0.789,5.461,2.75,12.07,1.249,7.528,2.186,10.493,1.233,7.193,2.441,7.692,1.892,7.838,0.875,5.664,1.471,8.194
151220,2026-09-29T14:28:55+08:00,Accepted,82,2633cc995eb2563e22c1a212df1256141bdc1b520fe841d4dd4c15c0d382e7bf,False,[],[],[],4.618,17.694,7.855,28.732,1.333,7.033,0.789,5.044,2.742,12.374,1.245,7.505,2.184,10.642,1.23,7.249,2.431,7.792,1.876,6.692,0.875,5.66,1.48,8.153
151222,2026-09-29T14:29:27+08:00,Accepted,82,2633cc995eb2563e22c1a212df1256141bdc1b520fe841d4dd4c15c0d382e7bf,False,[],[],[],4.608,17.933,7.854,28.671,1.35,6.962,0.794,5.772,2.751,12.074,1.247,7.534,2.185,10.277,1.233,7.178,2.449,7.788,1.884,6.701,0.874,5.659,1.481,8.199
151225,2026-09-29T14:29:58+08:00,Accepted,81.92,2633cc995eb2563e22c1a212df1256141bdc1b520fe841d4dd4c15c0d382e7bf,False,[],[],[],4.665,17.663,7.845,28.636,1.345,6.933,0.787,5.039,2.751,12.159,1.245,7.537,2.176,10.3,1.234,7.162,2.45,7.801,1.855,6.744,0.875,5.67,1.473,8.153
151226,2026-09-29T14:30:29+08:00,Accepted,81.83,2633cc995eb2563e22c1a212df1256141bdc1b520fe841d4dd4c15c0d382e7bf,False,[],[],[],4.618,17.676,7.903,28.727,1.342,6.979,0.788,4.967,2.771,12.077,1.245,7.462,2.181,10.325,1.231,7.171,2.455,7.746,1.852,6.655,0.876,5.685,1.48,8.178
151229,2026-09-29T14:31:00+08:00,Accepted,81.83,2633cc995eb2563e22c1a212df1256141bdc1b520fe841d4dd4c15c0d382e7bf,False,[],[],[],4.64,17.687,7.861,28.693,1.348,6.959,0.787,4.967,2.784,12.582,1.242,7.462,2.185,10.295,1.237,7.162,2.475,7.728,1.879,6.663,0.874,5.677,1.481,8.158
151230,2026-09-29T14:31:32+08:00,Accepted,81.92,2633cc995eb2563e22c1a212df1256141bdc1b520fe841d4dd4c15c0d382e7bf,False,[],[],[],4.606,17.686,7.901,28.77,1.349,7.019,0.781,4.971,2.745,12.096,1.249,8.218,2.183,10.276,1.226,7.115,2.449,7.75,1.874,6.713,0.872,5.686,1.472,8.183
151231,2026-09-29T14:32:03+08:00,Canceled,,2633cc995eb2563e22c1a212df1256141bdc1b520fe841d4dd4c15c0d382e7bf,False,[],[],[],,,,,,,,,,,,,,,,,,,,,,,,
151233,2026-09-29T14:32:34+08:00,Canceled,,2633cc995eb2563e22c1a212df1256141bdc1b520fe841d4dd4c15c0d382e7bf,False,[],[],[],,,,,,,,,,,,,,,,,,,,,,,,
151236,2026-09-29T14:33:05+08:00,Canceled,,2633cc995eb2563e22c1a212df1256141bdc1b520fe841d4dd4c15c0d382e7bf,False,[],[],[],,,,,,,,,,,,,,,,,,,,,,,,
151238,2026-09-29T14:33:37+08:00,Canceled,,436f0a227678eb9caa255627837727f066884bbeb4bd4a0a829d08155353c8fc,False,[],[],[],,,,,,,,,,,,,,,,,,,,,,,,
151316,2026-09-29T15:44:24+08:00,Accepted,82.25,2633cc995eb2563e22c1a212df1256141bdc1b520fe841d4dd4c15c0d382e7bf,False,[],[],[],4.64,17.701,7.895,28.761,1.347,9.267,0.791,4.938,2.773,12.135,1.247,7.467,2.185,10.601,1.227,7.206,2.439,7.752,1.873,6.756,0.869,5.648,1.471,8.128
151319,2026-09-29T15:47:39+08:00,Accepted,81.83,2633cc995eb2563e22c1a212df1256141bdc1b520fe841d4dd4c15c0d382e7bf,False,[],[],[],4.621,17.653,7.852,28.747,1.336,6.942,0.797,4.931,2.759,12.126,1.246,7.563,2.183,10.297,1.227,7.231,2.459,7.758,1.872,6.695,0.871,5.671,1.482,8.168
151320,2026-09-29T15:47:40+08:00,Accepted,81.92,2633cc995eb2563e22c1a212df1256141bdc1b520fe841d4dd4c15c0d382e7bf,False,[],[],[],4.614,17.672,7.864,28.718,1.346,7.408,0.782,4.931,2.744,12.045,1.251,7.501,2.178,10.287,1.235,7.181,2.463,7.697,1.851,6.7,0.871,5.659,1.474,8.14
151321,2026-09-29T15:48:12+08:00,Accepted,81.92,2633cc995eb2563e22c1a212df1256141bdc1b520fe841d4dd4c15c0d382e7bf,False,[],[],[],4.657,17.964,7.854,28.626,1.345,6.95,0.795,4.949,2.763,12.098,1.246,7.524,2.188,10.262,1.233,7.136,2.455,7.785,1.892,6.826,0.872,5.66,1.475,8.191
151322,2026-09-29T15:48:18+08:00,Canceled,,2633cc995eb2563e22c1a212df1256141bdc1b520fe841d4dd4c15c0d382e7bf,False,[],[],[],,,,,,,,,,,,,,,,,,,,,,,,
151332,2026-09-29T15:56:58+08:00,Accepted,81.33,9d140d8e08cb58324b5ec7917263186f8fbd61b7a6d3c62b2809e4ebb33cd9b0,True,[],[],[],4.649,17.683,7.873,30.019,1.344,7.436,0.789,4.931,2.772,12.066,1.248,7.506,2.185,10.277,1.233,7.21,2.95,9.072,2.737,6.685,0.865,5.684,1.464,8.179
151355,2026-09-29T16:16:54+08:00,Canceled,,11213ba12cf637a7472b383ae5fe200e137621b965901a7a31904a100079e848,True,[],[],[],,,,,,,,,,,,,,,,,,,,,,,,
151368,2026-09-29T16:32:32+08:00,Accepted,81.83,2633cc995eb2563e22c1a212df1256141bdc1b520fe841d4dd4c15c0d382e7bf,False,[],[],[],4.604,17.972,7.828,28.66,1.351,7.081,0.784,4.989,2.766,12.086,1.246,7.603,2.178,10.226,1.23,7.187,2.453,7.715,1.87,6.724,0.871,5.678,1.474,8.182
151370,2026-09-29T16:33:04+08:00,Accepted,81.92,2633cc995eb2563e22c1a212df1256141bdc1b520fe841d4dd4c15c0d382e7bf,False,[],[],[],4.605,17.932,7.829,28.894,1.352,6.949,0.778,4.945,2.748,12.026,1.247,7.539,2.181,10.303,1.234,7.144,2.445,7.79,1.868,6.762,0.873,5.681,1.472,8.169
151373,2026-09-29T16:34:51+08:00,Accepted,81.83,2633cc995eb2563e22c1a212df1256141bdc1b520fe841d4dd4c15c0d382e7bf,False,[],[],[],4.643,17.626,7.875,28.709,1.345,6.975,0.801,4.941,2.763,12.087,1.243,7.511,2.186,10.298,1.234,7.187,2.438,7.696,1.866,6.709,0.873,5.686,1.48,8.182
151377,2026-09-29T16:39:35+08:00,Accepted,82,2633cc995eb2563e22c1a212df1256141bdc1b520fe841d4dd4c15c0d382e7bf,False,[],[],[],4.66,17.723,7.925,28.724,1.347,7.395,0.785,4.948,2.768,12.007,1.248,7.458,2.18,10.633,1.235,7.145,2.455,8.281,1.882,6.667,0.874,5.661,1.48,8.124
151378,2026-09-29T16:40:05+08:00,Accepted,81.83,2633cc995eb2563e22c1a212df1256141bdc1b520fe841d4dd4c15c0d382e7bf,False,[],[],[],4.633,17.728,7.851,29.142,1.35,6.941,0.794,4.977,2.75,12.076,1.241,7.523,2.181,10.306,1.23,7.15,2.467,7.75,1.854,6.694,0.871,5.668,1.475,8.188
151380,2026-09-29T16:40:37+08:00,Accepted,82.17,436f0a227678eb9caa255627837727f066884bbeb4bd4a0a829d08155353c8fc,False,[],[],[],4.594,17.703,7.831,28.728,1.338,6.943,0.795,8.376,2.773,12.106,1.243,7.633,2.182,10.286,1.23,7.168,2.443,7.678,1.896,6.672,0.873,5.655,1.473,8.131
151787,2026-09-30T04:12:00+08:00,WrongAnswer,77.33,f04c4ccec648c19fc789f960bc0f8b4e8024d309f0a39303627afdb42a164e33,True,"[10, 12]",[],[11],4.62,17.744,7.845,28.744,1.357,6.947,0.791,5.08,2.76,12.119,1.235,7.479,2.098,10.254,1.143,7.156,2.415,8.217,0.67,6.711,0.0,5.653,0.0,7.686
151793,2026-09-30T04:17:54+08:00,Accepted,83.42,d5accd04aaf81c71c28330af298188f8ba7870561752f959fbbc686ad2ba394a,True,[12],[],[],4.628,17.648,7.826,28.678,1.344,7.055,0.78,4.927,2.751,12.146,1.23,7.499,2.1,10.322,1.157,7.194,2.399,7.746,1.857,6.715,0.891,5.68,0.0,8.175
151796,2026-09-30T04:23:09+08:00,TimeLimitExceeded,0,56a18916b0f40fb95800e8c5b9bb2ea7294a34d637154c74bbbef10ab43e5c41,True,[],[],[],,,,,,,,,,,,,,,,,,,,,,,,
151802,2026-09-30T04:39:34+08:00,TimeLimitExceeded,0,626334e7a0633c3fcaa9bcf6ac292192c20d4d40935270884e68f326cc240296,True,[],[],[],,,,,,,,,,,,,,,,,,,,,,,,
151804,2026-09-30T04:45:34+08:00,Accepted,81.75,d5accd04aaf81c71c28330af298188f8ba7870561752f959fbbc686ad2ba394a,False,[],[],[],4.601,17.681,7.832,28.769,1.36,6.944,0.785,4.963,2.775,12.069,1.247,7.594,2.184,10.277,1.234,7.122,2.425,7.782,1.896,6.756,1.014,5.664,1.479,8.173
151805,2026-09-30T04:48:11+08:00,Accepted,81.83,436f0a227678eb9caa255627837727f066884bbeb4bd4a0a829d08155353c8fc,False,[],[],[],4.599,17.733,7.837,28.688,1.355,6.905,0.795,4.94,2.768,12.125,1.248,7.548,2.181,10.312,1.23,7.178,2.45,7.748,1.881,6.722,0.876,5.662,1.473,8.152
151806,2026-09-30T04:50:25+08:00,Accepted,81.83,2633cc995eb2563e22c1a212df1256141bdc1b520fe841d4dd4c15c0d382e7bf,False,[],[],[],4.603,17.648,7.913,28.786,1.343,6.965,0.787,4.958,2.743,12.136,1.247,7.494,2.177,10.362,1.238,7.212,2.456,7.721,1.85,6.719,0.875,5.659,1.467,8.158
151807,2026-09-30T04:52:35+08:00,Accepted,81.92,2633cc995eb2563e22c1a212df1256141bdc1b520fe841d4dd4c15c0d382e7bf,False,[],[],[],4.657,17.646,7.894,28.819,1.341,6.964,0.785,5.523,2.744,12.052,1.243,7.62,2.179,10.311,1.228,7.522,2.453,7.73,1.851,6.664,0.869,5.652,1.47,8.127
151808,2026-09-30T04:54:47+08:00,Accepted,81.83,436f0a227678eb9caa255627837727f066884bbeb4bd4a0a829d08155353c8fc,False,[],[],[],4.627,17.712,7.851,28.686,1.346,7.047,0.789,4.903,2.761,12.103,1.245,7.586,2.183,10.265,1.232,7.123,2.474,7.703,1.89,6.704,0.871,5.655,1.468,8.155
