sid,status,source_sha256,raw,group,complete_ac,low_cases,zero_cases,failed_zero_cases,path,submitTime
149486,TimeLimitExceeded,4539dac048ef2983746536effd715f5b2f423cd5f370fa567197baafe9f3f3bc,0,first,False,[],[],[],,2026-09-26T19:23:04.000Z
149489,TimeLimitExceeded,51fa76339c859885c7a3a9086ff0f665e69f7f996ea3f0003dfbde9653185990,0,first,False,[],[],[],,2026-09-26T19:33:05.000Z
149493,Accepted,c23394ec00deb6d76e0cb9416dbad05fb5a0182219c2a6bbf7935967dc64a471,85.17,first,True,"[11, 12]",[12],[],,2026-09-26T19:43:51.000Z
149496,Accepted,866c691d1e42ed002be27dd7face0aaa9d9721ce043833f3fa943d071ed760c9,82.17,first,True,[],[],[],,2026-09-26T19:50:31.000Z
149499,Accepted,5cfd6a80d066d8a729ff1b6741541c1c70df7df75eeffe40c67440d4fe962a3c,82.25,first,True,[],[],[],,2026-09-26T19:52:37.000Z
149502,Accepted,9efde7b97623e32159004afc89f4f796cfb77905e2d3b985693b2fb5ede800e4,82,first,True,[],[],[],,2026-09-26T19:55:09.000Z
149503,Accepted,9efde7b97623e32159004afc89f4f796cfb77905e2d3b985693b2fb5ede800e4,82.17,repeat,True,[],[],[],,2026-09-26T19:57:23.000Z
149505,Accepted,5cfd6a80d066d8a729ff1b6741541c1c70df7df75eeffe40c67440d4fe962a3c,82.08,repeat,True,[],[],[],,2026-09-26T19:59:20.000Z
149506,Accepted,9efde7b97623e32159004afc89f4f796cfb77905e2d3b985693b2fb5ede800e4,82,repeat,True,[],[],[],,2026-09-26T20:01:30.000Z
149508,Accepted,5cfd6a80d066d8a729ff1b6741541c1c70df7df75eeffe40c67440d4fe962a3c,82.17,repeat,True,[],[],[],,2026-09-26T20:03:28.000Z
149509,Accepted,d20067ab97c8fef64f115c8e69159c9b5c40d99e2f3d62a730c79b5078616f0f,82.17,first,True,[],[],[],,2026-09-26T20:05:57.000Z
149510,Accepted,5cfd6a80d066d8a729ff1b6741541c1c70df7df75eeffe40c67440d4fe962a3c,82.25,repeat,True,[],[],[],,2026-09-26T20:08:47.000Z
149511,Accepted,d20067ab97c8fef64f115c8e69159c9b5c40d99e2f3d62a730c79b5078616f0f,81.92,repeat,True,[],[],[],,2026-09-26T20:10:52.000Z
149513,Accepted,5cfd6a80d066d8a729ff1b6741541c1c70df7df75eeffe40c67440d4fe962a3c,82.83,repeat,True,[],[],[],,2026-09-26T20:12:49.000Z
149514,Accepted,d20067ab97c8fef64f115c8e69159c9b5c40d99e2f3d62a730c79b5078616f0f,82.17,repeat,True,[],[],[],,2026-09-26T20:14:54.000Z
149515,Accepted,5cfd6a80d066d8a729ff1b6741541c1c70df7df75eeffe40c67440d4fe962a3c,82,repeat,True,[],[],[],,2026-09-26T20:16:51.000Z
149516,Accepted,b9292711f8a11aaf19682852c69d11159856b7b83d040d1e7af9538b8d10c483,82,first,True,[],[],[],,2026-09-26T20:19:06.000Z
149517,Accepted,5cfd6a80d066d8a729ff1b6741541c1c70df7df75eeffe40c67440d4fe962a3c,82.25,repeat,True,[],[],[],,2026-09-26T20:21:16.000Z
149518,Accepted,2b70df5f5e903470c19d450e1bfacdd0e5cbf0859ded3afeb0ab712608a25c4d,83.08,first,True,[],[],[],,2026-09-26T20:23:24.000Z
149519,Accepted,5cfd6a80d066d8a729ff1b6741541c1c70df7df75eeffe40c67440d4fe962a3c,82.17,repeat,True,[],[],[],,2026-09-26T20:25:43.000Z
149520,Accepted,a6442ca8d4a717f2e52b4769b697c623c125ab0fd62ce1bf7d859c25d6dcca07,84.83,first,True,"[10, 11, 12]",[],[],,2026-09-26T20:28:08.000Z
149521,Accepted,5cfd6a80d066d8a729ff1b6741541c1c70df7df75eeffe40c67440d4fe962a3c,82.08,repeat,True,[],[],[],,2026-09-26T20:31:54.000Z
149522,Accepted,a6442ca8d4a717f2e52b4769b697c623c125ab0fd62ce1bf7d859c25d6dcca07,82.17,repeat,True,[],[],[],,2026-09-26T20:34:07.000Z
149524,Accepted,5cfd6a80d066d8a729ff1b6741541c1c70df7df75eeffe40c67440d4fe962a3c,82,repeat,True,[],[],[],,2026-09-26T20:36:04.000Z
149526,Accepted,fc7f81eb7109b0d4eb3af5aecf88088c76509f105826baa24933b5a6cbb06cc5,84.92,first,True,"[10, 11, 12]",[],[],,2026-09-26T20:39:08.000Z
149528,Accepted,b2a91c9acf7f6f43db256c1bf0f33314c44b05d32c16d323f7a570f9243c9749,82.33,first,True,[],[],[],,2026-09-26T20:45:23.000Z
149529,Accepted,5cfd6a80d066d8a729ff1b6741541c1c70df7df75eeffe40c67440d4fe962a3c,81.92,repeat,True,[],[],[],,2026-09-26T20:47:24.000Z
149530,Accepted,b74482e04b4d1a4a226dc616670e57af72598d8f8bd1d2391376b0d870590fa3,85,first,True,"[10, 11, 12]",[],[],,2026-09-26T20:54:59.000Z
149532,Accepted,a6442ca8d4a717f2e52b4769b697c623c125ab0fd62ce1bf7d859c25d6dcca07,82.08,repeat,True,[],[],[],,2026-09-26T21:03:08.000Z
149534,Accepted,b74482e04b4d1a4a226dc616670e57af72598d8f8bd1d2391376b0d870590fa3,82.08,repeat,True,[],[],[],,2026-09-26T21:09:11.000Z
149536,Accepted,440728b076a786ca72e3da1fd97a01bb5185f8051f7f612c75ea51dd1c85b5bc,82.42,first,True,[],[],[],,2026-09-26T21:12:04.000Z
149600,Accepted,4d8ac8af6e517a98c6d99f2aff96b9a60f0bf0344996d4c7e9a9bda849d2213a,82.17,first,True,[],[],[],,2026-09-27T03:07:29.000Z
149601,Accepted,a6442ca8d4a717f2e52b4769b697c623c125ab0fd62ce1bf7d859c25d6dcca07,82.33,repeat,True,[],[],[],,2026-09-27T03:09:29.000Z
149603,Accepted,d1f1e0697c3e99a86f3d34bea6509755be6f70470a2373ec0bd355819c671f9e,82.42,first,True,[],[],[],,2026-09-27T03:11:57.000Z
149604,Accepted,d1f1e0697c3e99a86f3d34bea6509755be6f70470a2373ec0bd355819c671f9e,82.42,repeat,True,[],[],[],,2026-09-27T03:14:17.000Z
149606,Accepted,a6442ca8d4a717f2e52b4769b697c623c125ab0fd62ce1bf7d859c25d6dcca07,82.17,repeat,True,[],[],[],,2026-09-27T03:16:11.000Z
149609,Accepted,965def0ea019519a0c598e2f66ae5874c5bc0e9a48f1b6f9656baf2d93bc39a6,83.5,first,True,[10],[],[],,2026-09-27T03:21:35.000Z
149612,Accepted,6f7b6c9112adf5b1e9a8a42791196c8401194199f856ce0e452eaaa2b947fe1c,81.92,first,True,[],[],[],,2026-09-27T03:25:22.000Z
149614,Accepted,c1ee369f4d0430a1123187158883ed0ad97d250d4c61b4c68f2ac10f181fabb0,82.33,first,True,[],[],[],,2026-09-27T03:28:23.000Z
149630,Accepted,87f33377bc2e14481edbe7287ee4e5ba7d64015b67894cafa610ddc4cc8cfa6d,82.33,first,True,[],[],[],,2026-09-27T04:00:37.000Z
149635,WrongAnswer,48f880aff32946af701e1f6d4e94225d8de2a07d564ae4a5809ef1d4164f521f,0,first,False,[],[],[1],,2026-09-27T04:09:19.000Z
149636,Accepted,ffb93da83ba36bc10985917a54dc0f489c057d6d1d465eda686948d588884a0d,82.08,first,True,[],[],[],,2026-09-27T04:11:11.000Z
149639,Accepted,e4fa1704f87f1b089b17d649f00cdae33d0fd7d9ec34f7d1f4689d76e6944f6f,83.5,first,True,[],[],[],,2026-09-27T04:15:18.000Z
149643,Accepted,9dea5de442157955804a923d57eeb40f6b4e67430a6dffb8e2e90e46626d898d,82.08,first,True,[],[],[],,2026-09-27T04:23:58.000Z
149647,TimeLimitExceeded,5678ed2e5e0e84bf28f8dddc2c4341ac464d9ee1b73a9a3003643a7a24330ae1,0,first,False,[],[],[],,2026-09-27T04:27:13.000Z
149653,Accepted,c9757429e12909e4b69ed406de2305cb69100ccfbb0dea8e6956308195753ee8,82,first,True,[],[],[],,2026-09-27T04:37:44.000Z
149659,Accepted,d0303f0ded4b948f21356d56948d0253667f74ac83c686835683c1ff7fe0c772,82.25,first,True,[],[],[],,2026-09-27T04:44:32.000Z
149665,Accepted,d1f1e0697c3e99a86f3d34bea6509755be6f70470a2373ec0bd355819c671f9e,82.08,repeat,True,[],[],[],,2026-09-27T04:47:31.000Z
149674,WrongAnswer,d482faee8bd25050c83bb8cdc2e5310478e04d4623a5081b637399be63aebf5f,75.25,first,False,[],[],[11],,2026-09-27T05:27:54.000Z
149676,WrongAnswer,82a85cc3699340cc4bfd805e7ced2c33cea445f8666ec345075b4fecfa18d853,75.08,first,False,[],[],[11],,2026-09-27T05:32:09.000Z
149680,Accepted,63117da967202f46e6694e9c07fbe74e673aeeec620bcc34d70367022a613d34,82.17,first,True,[],[],[],,2026-09-27T05:37:51.000Z
149684,Accepted,d1f1e0697c3e99a86f3d34bea6509755be6f70470a2373ec0bd355819c671f9e,82.17,repeat,True,[],[],[],,2026-09-27T05:40:12.000Z
149687,Accepted,a7b5724ec7cfd1776648a3ad1b0d33e8f80ca05cf54913fed501ed54039826de,82.5,first,True,[],[],[],,2026-09-27T05:43:02.000Z
149690,Accepted,d1f1e0697c3e99a86f3d34bea6509755be6f70470a2373ec0bd355819c671f9e,82.08,repeat,True,[],[],[],,2026-09-27T05:48:50.000Z
149695,Accepted,a7b5724ec7cfd1776648a3ad1b0d33e8f80ca05cf54913fed501ed54039826de,82.08,repeat,True,[],[],[],,2026-09-27T05:52:30.000Z
149700,Accepted,760c949d33eac1ad57da676a857f6eec681e2ebe3fc5d6831c5decdbeca8a86f,83.25,first,True,[],[],[],,2026-09-27T05:58:42.000Z
149702,Accepted,d1f1e0697c3e99a86f3d34bea6509755be6f70470a2373ec0bd355819c671f9e,82.08,repeat,True,[],[],[],,2026-09-27T06:00:54.000Z
149703,Accepted,760c949d33eac1ad57da676a857f6eec681e2ebe3fc5d6831c5decdbeca8a86f,82.17,repeat,True,[],[],[],,2026-09-27T06:03:07.000Z
149707,WrongAnswer,d5bbd1fa7e4d60fecd9bd14970ac3e1d1f5493ced628e88ddc1ad011b8506ce3,0,first,False,[],[],[],,2026-09-27T06:07:50.000Z
149710,WrongAnswer,19f701043c37900ef82d08c5a3242f8098380883e39fbfbc45b91d2b9ead7924,0,first,False,[],[],[],,2026-09-27T06:10:47.000Z
149712,Canceled,dd28f582d74ae445d8fd78066e20ae20889e7272fbb34cefc13d8d0c6766e195,,first,False,[],[],[],,2026-09-27T06:12:39.000Z
149724,Canceled,eae74aa12da4d629f8f09e8ecae979229aa581b218d5f7abae135bfd62ea98a1,,first,False,[],[],[],,2026-09-27T06:27:20.000Z
149732,Canceled,89f66d380fc7b1bc97c8fa9f6b00c57b580e55f1dca3ec6dffb2320ea1bb92b5,,first,False,[],[],[],,2026-09-27T06:34:47.000Z
149735,Accepted,d1f1e0697c3e99a86f3d34bea6509755be6f70470a2373ec0bd355819c671f9e,82.08,repeat,True,[],[],[],,2026-09-27T06:43:18.000Z
149740,Accepted,6d580141fed043886336652e5d9347d5072d538a60529f8a43f053fefe199e9c,81,first,True,[],[],[],,2026-09-27T06:47:09.000Z
149742,Canceled,51ea1a2204af0c385754e2e6f10c80efd602e974747fb017e7db392e3ae92e16,,first,False,[],[],[],,2026-09-27T06:50:57.000Z
149745,Accepted,fcb81b818bd114b4fc22c582953c6b9ec3b0d0f1eb39a986a979cb2f33d9ab6f,83,first,True,[],[],[],,2026-09-27T06:55:13.000Z
149747,WrongAnswer,b7a7d6f68b9ff5a9a4fa79baa9760bbd88c0f779bf2db9a5f5232642dac9fd66,0,first,False,[],[],[],,2026-09-27T06:57:52.000Z
149751,WrongAnswer,c551e37c010dd476b1145a5bcc397a8c5d58fb30a7551227ff4dc6060eb816a3,0,first,False,[],[],[],,2026-09-27T06:59:53.000Z
149752,Accepted,ffba04a4943fe89c4ff5b093733e2b265fb7418c9cb90f744078469a8ade72b7,81.83,first,True,[],[],[],,2026-09-27T07:01:27.000Z
149753,WrongAnswer,d26402cd9df4dc16213efd9138865df821ac9ebde08a6f331857a0675bcbb333,0,first,False,[],[],[],,2026-09-27T07:03:57.000Z
149754,WrongAnswer,c22351235f82e5b8402443993213800e18d20235273daab3c9483352d5f9645b,0,first,False,[],[],[],,2026-09-27T07:06:04.000Z
149756,WrongAnswer,b3e8b67e9c0ca9dcf8204aba24fdbe7bb5b35be4fa17d1fa62d637c2aa05b3b4,0,first,False,[],[],[],,2026-09-27T07:08:09.000Z
149758,WrongAnswer,93c161bf39823680f0033cd037686faff91f955f12df4a133f2161ed713a028e,0,first,False,[],[],[],,2026-09-27T07:13:36.000Z
149759,WrongAnswer,5e1c8a0a364091db49b835320b8c6dbcbf2f251189c1c00ecb58f2a5d5efdbf3,0,first,False,[],[],[],,2026-09-27T07:15:58.000Z
149765,WrongAnswer,1c6a9aaafa5ad67da40b56d1ed734dddb91642a976f9269c985a0fd023311100,0,first,False,[],[],[],,2026-09-27T07:26:02.000Z
149766,WrongAnswer,4ef9d818f19fa1aea711f9e794d7762a958925c0a047ca212228080b8e13210d,0,first,False,[],[],[],,2026-09-27T07:27:51.000Z
149768,Accepted,be42c1f22b65e27c6411f3396b2199a98f42faebe5b42679f94aea1a25d1e057,82.17,first,True,[],[],[],,2026-09-27T07:29:54.000Z
149772,Accepted,d1f1e0697c3e99a86f3d34bea6509755be6f70470a2373ec0bd355819c671f9e,82.08,repeat,True,[],[],[],,2026-09-27T07:33:01.000Z
149773,Accepted,bba0ccd1bd5c9c5c2ee9d1699a9d43050090033b3459fb09281917a401cd6213,82.08,first,True,[],[],[],,2026-09-27T07:36:02.000Z
149775,Accepted,55a565344a87b7ee7a8f2af908a8928494d8567d804bd920ee005c32997ced84,82.25,first,True,[],[],[],,2026-09-27T07:38:48.000Z
149777,Accepted,024251f1f3918d4b41624baad095a490a08f4f2be4e4412f2f73861ee76fdb86,82.17,first,True,[],[],[],,2026-09-27T07:41:16.000Z
149782,Accepted,488ef15d586d1c0ea8440b7eada20b633e6c9be593564a134c3023aa23e8b840,82.33,first,True,[],[],[],,2026-09-27T07:43:35.000Z
149784,Accepted,f54ff731cb5ae8193e992c9cddf42f0390b14bc6add1d18ced300db9d956af69,82.25,first,True,[],[],[],,2026-09-27T07:45:55.000Z
149787,Accepted,36eef7b33d0c0bd894481a517f5852c317283dcd5a882f0be93dab62d7754f88,82.08,first,True,[],[],[],,2026-09-27T07:48:51.000Z
149911,Accepted,ff51261a14482ea2177794419334fede7e421f10bab95306c730ed1c5274f520,82.33,first,True,[],[],[],,2026-09-27T11:10:51.000Z
149915,Accepted,2748d929ca024e7d967b01e2a17c5b8f371b65cfc89e1ce78abb37fae209d1ec,82.42,first,True,[],[],[],,2026-09-27T11:18:09.000Z
149917,Accepted,515b342ead028a2994e3e497eefc57c66a63a2b844f0df143febe2c2fb72255e,82,first,True,[],[],[],,2026-09-27T11:20:25.000Z
149920,Accepted,efbd47f0e57e2e957109751eb7fa9b5ef94d01a2f46e02360fea58cc99351edc,82.17,first,True,[],[],[],,2026-09-27T11:22:43.000Z
149922,Accepted,d57a4b9c082168e0a6801ca5adecb742ceedcd7363d4df5252224f3704748742,82.08,first,True,[],[],[],,2026-09-27T11:25:02.000Z
149925,WrongAnswer,132f0e51d89aafc22009b24440a048b762bd808a61866bc75cd82b366db296b2,26.08,first,False,[],[],"[3, 4, 5, 6, 7, 8, 11, 12]",,2026-09-27T11:27:31.000Z
149930,Accepted,436f0a227678eb9caa255627837727f066884bbeb4bd4a0a829d08155353c8fc,82.42,first,True,[],[],[],p1/references/kernel_v890_measured.py,2026-09-27T11:30:36.000Z
149932,Accepted,f54ff731cb5ae8193e992c9cddf42f0390b14bc6add1d18ced300db9d956af69,82.08,repeat,True,[],[],[],,2026-09-27T11:33:11.000Z
149935,Accepted,436f0a227678eb9caa255627837727f066884bbeb4bd4a0a829d08155353c8fc,82.08,repeat,True,[],[],[],p1/references/kernel_v890_measured.py,2026-09-27T11:35:24.000Z
149938,Accepted,3f51a2af1d474d2e46bb796ea7763154aa73ada3bfa1b01eccc4235a661d7eb9,82.83,first,True,[],[],[],,2026-09-27T11:37:48.000Z
149943,Accepted,833b7201794408d1bd546d0164c989007b1816c4ab75d8c24d14cf6f7465170d,82.08,first,True,[],[],[],,2026-09-27T11:42:41.000Z
149947,Accepted,83daa6d5966e9d00544a25e87ce027ec5c21204e5d68c151ba40b5d9499937e7,82.5,first,True,[],[],[],,2026-09-27T11:45:41.000Z
149951,WrongAnswer,33ef075f22430ea4f401b89ad1516b7d67d78902e1511058113a2f6cbc905811,0,first,False,[],[],[1],,2026-09-27T11:48:17.000Z
149952,Canceled,29e245f7107f61c6e9bd99ff928d06cba2d8602d92d61169cefe28e355ac5426,,first,False,[],[],[],,2026-09-27T11:49:54.000Z
149959,WrongAnswer,c501adda1ab80c110e51f7dc4af70903f9db96b0d71b56bf116e7715aba54e67,0,first,False,[],[],[],,2026-09-27T11:55:01.000Z
149969,Canceled,1fbaf708a9807fbc36ff0663fabc6e9de1dc16d58a8053b26074467f56ee7137,,first,False,[],[],[],,2026-09-27T12:01:15.000Z
149970,WrongAnswer,1a4185e4c52711341f0e0a0bd7c86c0cdf1030e3e008b8464069409eb448315a,0,first,False,[],[],[],,2026-09-27T12:06:18.000Z
149972,WrongAnswer,28c80e6eadfc975c5e31bf07427a816ad433e4a5d97b337ad0a582625b6cd664,13.08,first,False,[],[],[],,2026-09-27T12:09:46.000Z
150002,WrongAnswer,81399708b99ab8edb3ac5487aa5b4d464a109d576464330ab6841951d452f101,0,first,False,[],[],[],,2026-09-27T13:02:05.000Z
150008,Accepted,9e948d55fc7a4020c1e6ed0c0a5cc00610363f22e1048ce487fabdbe3cc75643,82.75,first,True,[],[],[],,2026-09-27T13:06:52.000Z
150917,Accepted,436f0a227678eb9caa255627837727f066884bbeb4bd4a0a829d08155353c8fc,82.67,repeat,True,[],[],[],p1/references/kernel_v890_measured.py,2026-09-28T17:54:40.000Z
150920,Accepted,9e948d55fc7a4020c1e6ed0c0a5cc00610363f22e1048ce487fabdbe3cc75643,81.67,repeat,True,[],[],[],,2026-09-28T17:56:38.000Z
150923,Accepted,0b106a0f179360b5ba31dccb6a8a859d449b4e00791d495c10fd21f9c23cd73b,82.33,first,True,[],[],[],,2026-09-28T18:00:17.000Z
150926,Accepted,436f0a227678eb9caa255627837727f066884bbeb4bd4a0a829d08155353c8fc,81.75,repeat,True,[],[],[],p1/references/kernel_v890_measured.py,2026-09-28T18:03:16.000Z
150928,TimeLimitExceeded,c5c59201fc804f9e6d4688dcbb0087efea442de18334db6a68192eef4067b8c4,0,first,False,[],[],[],,2026-09-28T18:06:14.000Z
150934,Accepted,436f0a227678eb9caa255627837727f066884bbeb4bd4a0a829d08155353c8fc,81.83,repeat,True,[],[],[],p1/references/kernel_v890_measured.py,2026-09-28T18:15:07.000Z
150936,Accepted,0b106a0f179360b5ba31dccb6a8a859d449b4e00791d495c10fd21f9c23cd73b,81.75,repeat,True,[],[],[],,2026-09-28T18:17:06.000Z
150941,Accepted,1526ea9559af7da41743504d8a69a550d3f4801a0c0d34d135f63552d79f3e83,84.5,first,True,"[11, 12]",[12],[],,2026-09-28T18:22:54.000Z
150942,Accepted,436f0a227678eb9caa255627837727f066884bbeb4bd4a0a829d08155353c8fc,81.92,repeat,True,[],[],[],p1/references/kernel_v890_measured.py,2026-09-28T18:26:27.000Z
150943,Accepted,436f0a227678eb9caa255627837727f066884bbeb4bd4a0a829d08155353c8fc,81.83,repeat,True,[],[],[],p1/references/kernel_v890_measured.py,2026-09-28T18:28:30.000Z
150945,Accepted,1526ea9559af7da41743504d8a69a550d3f4801a0c0d34d135f63552d79f3e83,81.75,repeat,True,[],[],[],,2026-09-28T18:30:28.000Z
150961,WrongAnswer,75e59e1132b934b5d25e956ca38dbf7b2bf232964b73de77157b6b4513bc9671,69.17,first,False,[],[],"[9, 10]",,2026-09-28T19:24:43.000Z
150964,Accepted,df31a8e1ad102c7d19f76461ed30632154499b9eb7844ce11a881ba7ea0745b7,81.33,first,True,[],[],[],,2026-09-28T19:27:42.000Z
150965,Accepted,1babc7dd37bb51f39ec5e03927480a97f1780090cc9ce9773fa2499443e1ed53,81.5,first,True,[],[],[],,2026-09-28T19:31:37.000Z
150966,WrongAnswer,e94d9ab2b84c1dffc465a6850bb6991e95b62d3739c5f4d1856f3882cdda895a,69.25,first,False,[],[],"[9, 10]",,2026-09-28T19:39:29.000Z
150967,WrongAnswer,8fb78adf25b6e5284b510142db0aa33e618db0d7c9be6c4ad2fba1c138f9a934,69.17,first,False,[],[],"[9, 10]",,2026-09-28T19:42:48.000Z
150969,WrongAnswer,e35700fbd4d09f666308fd79e9a7a702a8678e86f2fd6ab42c74373a50ee5753,69,first,False,[],[],"[9, 10]",,2026-09-28T19:46:07.000Z
150973,WrongAnswer,f1e8868870a4791c102690f664fc4e7e2cdb7bc575ebf0d918c2f762b0b05e51,69.08,first,False,[],[],"[9, 10]",,2026-09-28T19:50:42.000Z
150976,TimeLimitExceeded,606cb73bb56f4f68b89c6d78a66f0f0f954eb15e57482998a14883c6617aa1d2,0,first,False,[],[],[],,2026-09-28T19:54:25.000Z
151045,WrongAnswer,2bfbde97c28a13e9ff1f176a093b510e14dff794a0e264707b4480f7f791cb14,69.42,first,False,[],[],"[9, 10]",,2026-09-29T03:50:36.000Z
151051,Accepted,86f03a20fbfe949b2bc24e12d1df999010faa6c0cd6b447f35b0baa433d601dc,81.83,first,True,[],[],[],,2026-09-29T03:55:26.000Z
151056,WrongAnswer,2e5a6138ff2997ccf7a16bd105b041c29389b70540ee6469f11b7abcc52470ed,0,first,False,[],[],[1],,2026-09-29T03:58:42.000Z
151061,Accepted,a6b355a38b285448ff376605880325a263da3a01462629e919ab2f0dcc2e90db,81.75,first,True,[],[],[],,2026-09-29T04:07:28.000Z
151064,WrongAnswer,1f02f5e2bec991bb12566f818188dc315be5a0e53f7915b136f900b0ce5290d8,71.67,first,False,"[11, 12]",[12],"[9, 10]",,2026-09-29T04:11:02.000Z
151071,Accepted,436f0a227678eb9caa255627837727f066884bbeb4bd4a0a829d08155353c8fc,81.83,repeat,True,[],[],[],p1/references/kernel_v890_measured.py,2026-09-29T04:14:45.000Z
151076,WrongAnswer,0292276fa590c5d6c567ef2b954711a726ce51e8de1679d14f40eeecb77223b2,69.08,first,False,[],[],"[9, 10]",,2026-09-29T04:17:18.000Z
151078,WrongAnswer,2b3000dedee4693c6b10d8fd8d9c37aa9f83087a0763f5513d064128e8639e9d,0,first,False,[],[],[],,2026-09-29T04:20:33.000Z
151081,WrongAnswer,5fd2b81b0cb069ef7f2bcf7c89184ec55d953155606b38ce2abbb1b749b0ce63,0,first,False,[],[],[],,2026-09-29T04:23:38.000Z
151082,WrongAnswer,dd084491c88a308439254ce8eaf24664c74228c5e973cf927cbf54c973221c75,0,first,False,[],[],[],,2026-09-29T04:26:55.000Z
151086,WrongAnswer,2240ff36ea474244281b701dc1c16e3e5629e22fe5d59f58c989ee617433af9e,69.08,first,False,[],[],"[9, 10]",,2026-09-29T04:28:52.000Z
151096,Accepted,6c75ad4907f06376e08abe64d5f22be3464117e97d532fbe9febadec96a4c795,81.67,first,True,[],[],[],,2026-09-29T04:38:51.000Z
151099,Accepted,93b08483817081e099a456109cb1145f971031ce6a10e858e74177dca87a06ef,81.92,first,True,[],[],[],,2026-09-29T04:41:57.000Z
151103,Accepted,436f0a227678eb9caa255627837727f066884bbeb4bd4a0a829d08155353c8fc,81.83,repeat,True,[],[],[],p1/references/kernel_v890_measured.py,2026-09-29T04:45:27.000Z
151105,Accepted,436f0a227678eb9caa255627837727f066884bbeb4bd4a0a829d08155353c8fc,81.92,repeat,True,[],[],[],p1/references/kernel_v890_measured.py,2026-09-29T04:47:11.000Z
151107,Accepted,436f0a227678eb9caa255627837727f066884bbeb4bd4a0a829d08155353c8fc,81.83,repeat,True,[],[],[],p1/references/kernel_v890_measured.py,2026-09-29T04:47:42.000Z
151109,Canceled,436f0a227678eb9caa255627837727f066884bbeb4bd4a0a829d08155353c8fc,,repeat,False,[],[],[],p1/references/kernel_v890_measured.py,2026-09-29T04:48:13.000Z
151111,Canceled,436f0a227678eb9caa255627837727f066884bbeb4bd4a0a829d08155353c8fc,,repeat,False,[],[],[],p1/references/kernel_v890_measured.py,2026-09-29T04:48:45.000Z
151112,Canceled,436f0a227678eb9caa255627837727f066884bbeb4bd4a0a829d08155353c8fc,,repeat,False,[],[],[],p1/references/kernel_v890_measured.py,2026-09-29T04:49:17.000Z
151117,Canceled,436f0a227678eb9caa255627837727f066884bbeb4bd4a0a829d08155353c8fc,,repeat,False,[],[],[],p1/references/kernel_v890_measured.py,2026-09-29T04:55:52.000Z
151118,Canceled,436f0a227678eb9caa255627837727f066884bbeb4bd4a0a829d08155353c8fc,,repeat,False,[],[],[],p1/references/kernel_v890_measured.py,2026-09-29T04:56:25.000Z
151119,Canceled,436f0a227678eb9caa255627837727f066884bbeb4bd4a0a829d08155353c8fc,,repeat,False,[],[],[],p1/references/kernel_v890_measured.py,2026-09-29T04:56:56.000Z
151122,Canceled,5454ffa7ac17f66b6ed67a95a31e97f14264a1626939c0d57ffe9f2f6f17ec89,,first,False,[],[],[],,2026-09-29T05:00:28.000Z
151132,Canceled,7fa56f64d55dc2631bbd7ebae43204389831117b8bec97af358f3eee82787ea5,,first,False,[],[],[],,2026-09-29T05:10:10.000Z
151162,Accepted,f4694b80509ff33840cbe774f21ebbf712f7b6744c8d729be5dcad1fccb9fc24,81.67,first,True,[],[],[],,2026-09-29T05:55:19.000Z
151166,Accepted,436f0a227678eb9caa255627837727f066884bbeb4bd4a0a829d08155353c8fc,82.25,repeat,True,[],[],[],p1/references/kernel_v890_measured.py,2026-09-29T05:57:51.000Z
151173,Accepted,436f0a227678eb9caa255627837727f066884bbeb4bd4a0a829d08155353c8fc,82.17,repeat,True,[],[],[],p1/references/kernel_v890_measured.py,2026-09-29T06:03:11.000Z
151179,Accepted,436f0a227678eb9caa255627837727f066884bbeb4bd4a0a829d08155353c8fc,81.92,repeat,True,[],[],[],p1/references/kernel_v890_measured.py,2026-09-29T06:05:13.000Z
151191,Canceled,7fa56f64d55dc2631bbd7ebae43204389831117b8bec97af358f3eee82787ea5,,repeat,False,[],[],[],,2026-09-29T06:13:15.000Z
151212,Accepted,2633cc995eb2563e22c1a212df1256141bdc1b520fe841d4dd4c15c0d382e7bf,82.17,first,True,[],[],[],p1/references/kernel_v926_measured.py,2026-09-29T06:25:11.000Z
151219,Accepted,2633cc995eb2563e22c1a212df1256141bdc1b520fe841d4dd4c15c0d382e7bf,82.08,repeat,True,[],[],[],p1/references/kernel_v926_measured.py,2026-09-29T06:28:24.000Z
151220,Accepted,2633cc995eb2563e22c1a212df1256141bdc1b520fe841d4dd4c15c0d382e7bf,82,repeat,True,[],[],[],p1/references/kernel_v926_measured.py,2026-09-29T06:28:55.000Z
151222,Accepted,2633cc995eb2563e22c1a212df1256141bdc1b520fe841d4dd4c15c0d382e7bf,82,repeat,True,[],[],[],p1/references/kernel_v926_measured.py,2026-09-29T06:29:27.000Z
151225,Accepted,2633cc995eb2563e22c1a212df1256141bdc1b520fe841d4dd4c15c0d382e7bf,81.92,repeat,True,[],[],[],p1/references/kernel_v926_measured.py,2026-09-29T06:29:58.000Z
151226,Accepted,2633cc995eb2563e22c1a212df1256141bdc1b520fe841d4dd4c15c0d382e7bf,81.83,repeat,True,[],[],[],p1/references/kernel_v926_measured.py,2026-09-29T06:30:29.000Z
151229,Accepted,2633cc995eb2563e22c1a212df1256141bdc1b520fe841d4dd4c15c0d382e7bf,81.83,repeat,True,[],[],[],p1/references/kernel_v926_measured.py,2026-09-29T06:31:00.000Z
151230,Accepted,2633cc995eb2563e22c1a212df1256141bdc1b520fe841d4dd4c15c0d382e7bf,81.92,repeat,True,[],[],[],p1/references/kernel_v926_measured.py,2026-09-29T06:31:32.000Z
151231,Canceled,2633cc995eb2563e22c1a212df1256141bdc1b520fe841d4dd4c15c0d382e7bf,,repeat,False,[],[],[],p1/references/kernel_v926_measured.py,2026-09-29T06:32:03.000Z
151233,Canceled,2633cc995eb2563e22c1a212df1256141bdc1b520fe841d4dd4c15c0d382e7bf,,repeat,False,[],[],[],p1/references/kernel_v926_measured.py,2026-09-29T06:32:34.000Z
151236,Canceled,2633cc995eb2563e22c1a212df1256141bdc1b520fe841d4dd4c15c0d382e7bf,,repeat,False,[],[],[],p1/references/kernel_v926_measured.py,2026-09-29T06:33:05.000Z
151238,Canceled,436f0a227678eb9caa255627837727f066884bbeb4bd4a0a829d08155353c8fc,,repeat,False,[],[],[],p1/references/kernel_v890_measured.py,2026-09-29T06:33:37.000Z
151316,Accepted,2633cc995eb2563e22c1a212df1256141bdc1b520fe841d4dd4c15c0d382e7bf,82.25,repeat,True,[],[],[],p1/references/kernel_v926_measured.py,2026-09-29T07:44:24.000Z
151319,Accepted,2633cc995eb2563e22c1a212df1256141bdc1b520fe841d4dd4c15c0d382e7bf,81.83,repeat,True,[],[],[],p1/references/kernel_v926_measured.py,2026-09-29T07:47:39.000Z
151320,Accepted,2633cc995eb2563e22c1a212df1256141bdc1b520fe841d4dd4c15c0d382e7bf,81.92,repeat,True,[],[],[],p1/references/kernel_v926_measured.py,2026-09-29T07:47:40.000Z
151321,Accepted,2633cc995eb2563e22c1a212df1256141bdc1b520fe841d4dd4c15c0d382e7bf,81.92,repeat,True,[],[],[],p1/references/kernel_v926_measured.py,2026-09-29T07:48:12.000Z
151322,Canceled,2633cc995eb2563e22c1a212df1256141bdc1b520fe841d4dd4c15c0d382e7bf,,repeat,False,[],[],[],p1/references/kernel_v926_measured.py,2026-09-29T07:48:18.000Z
151332,Accepted,9d140d8e08cb58324b5ec7917263186f8fbd61b7a6d3c62b2809e4ebb33cd9b0,81.33,first,True,[],[],[],,2026-09-29T07:56:58.000Z
151355,Canceled,11213ba12cf637a7472b383ae5fe200e137621b965901a7a31904a100079e848,,first,False,[],[],[],,2026-09-29T08:16:54.000Z
151368,Accepted,2633cc995eb2563e22c1a212df1256141bdc1b520fe841d4dd4c15c0d382e7bf,81.83,repeat,True,[],[],[],p1/references/kernel_v926_measured.py,2026-09-29T08:32:32.000Z
151370,Accepted,2633cc995eb2563e22c1a212df1256141bdc1b520fe841d4dd4c15c0d382e7bf,81.92,repeat,True,[],[],[],p1/references/kernel_v926_measured.py,2026-09-29T08:33:04.000Z
151373,Accepted,2633cc995eb2563e22c1a212df1256141bdc1b520fe841d4dd4c15c0d382e7bf,81.83,repeat,True,[],[],[],p1/references/kernel_v926_measured.py,2026-09-29T08:34:51.000Z
151377,Accepted,2633cc995eb2563e22c1a212df1256141bdc1b520fe841d4dd4c15c0d382e7bf,82,repeat,True,[],[],[],p1/references/kernel_v926_measured.py,2026-09-29T08:39:35.000Z
151378,Accepted,2633cc995eb2563e22c1a212df1256141bdc1b520fe841d4dd4c15c0d382e7bf,81.83,repeat,True,[],[],[],p1/references/kernel_v926_measured.py,2026-09-29T08:40:05.000Z
151380,Accepted,436f0a227678eb9caa255627837727f066884bbeb4bd4a0a829d08155353c8fc,82.17,repeat,True,[],[],[],p1/references/kernel_v890_measured.py,2026-09-29T08:40:37.000Z
151787,WrongAnswer,f04c4ccec648c19fc789f960bc0f8b4e8024d309f0a39303627afdb42a164e33,77.33,first,False,"[10, 12]",[12],[11],,2026-09-29T20:12:00.000Z
151793,Accepted,d5accd04aaf81c71c28330af298188f8ba7870561752f959fbbc686ad2ba394a,83.42,first,True,[12],[12],[],experiments/2026-09-30/candidates/v932_c11_slot_last_dn.py,2026-09-29T20:17:54.000Z
151796,TimeLimitExceeded,56a18916b0f40fb95800e8c5b9bb2ea7294a34d637154c74bbbef10ab43e5c41,0,first,False,[],[],[],experiments/2026-09-30/candidates/v933_c11_slot_last_dn_opt.py,2026-09-29T20:23:09.000Z
151802,TimeLimitExceeded,626334e7a0633c3fcaa9bcf6ac292192c20d4d40935270884e68f326cc240296,0,first,False,[],[],[],experiments/2026-09-30/candidates/v934_c11_slot_last_dn_noextras.py,2026-09-29T20:39:34.000Z
151804,Accepted,d5accd04aaf81c71c28330af298188f8ba7870561752f959fbbc686ad2ba394a,81.75,repeat,True,[],[],[],experiments/2026-09-30/candidates/v932_c11_slot_last_dn.py,2026-09-29T20:45:34.000Z
151805,Accepted,436f0a227678eb9caa255627837727f066884bbeb4bd4a0a829d08155353c8fc,81.83,repeat,True,[],[],[],p1/references/kernel_v890_measured.py,2026-09-29T20:48:11.000Z
151806,Accepted,2633cc995eb2563e22c1a212df1256141bdc1b520fe841d4dd4c15c0d382e7bf,81.83,repeat,True,[],[],[],p1/references/kernel_v926_measured.py,2026-09-29T20:50:25.000Z
151807,Accepted,2633cc995eb2563e22c1a212df1256141bdc1b520fe841d4dd4c15c0d382e7bf,81.92,repeat,True,[],[],[],p1/references/kernel_v926_measured.py,2026-09-29T20:52:35.000Z
151808,Accepted,436f0a227678eb9caa255627837727f066884bbeb4bd4a0a829d08155353c8fc,81.83,repeat,True,[],[],[],p1/references/kernel_v890_measured.py,2026-09-29T20:54:47.000Z
151862,TimeLimitExceeded,eb5ffee8db4012570f083f6cf85acaf36bf1297b880fd55942f02061ead1fc26,0,first,False,[],[],[],,2026-09-30T01:55:26.000Z
151866,Accepted,2633cc995eb2563e22c1a212df1256141bdc1b520fe841d4dd4c15c0d382e7bf,82.25,repeat,True,[],[],[],p1/references/kernel_v926_measured.py,2026-09-30T02:05:03.000Z
151869,TimeLimitExceeded,2f0351bf00fd9f1fd5fc3876468bfb03f19570a2ebe59536fefc8be888f46005,0,first,False,[],[],[],experiments/2026-09-30/candidates/p1_dirA_c11_v1_meas.py,2026-09-30T02:07:07.000Z
151882,WrongAnswer,2f0351bf00fd9f1fd5fc3876468bfb03f19570a2ebe59536fefc8be888f46005,67.67,repeat,False,[],[],"[11, 12]",experiments/2026-09-30/candidates/p1_dirA_c11_v1_meas.py,2026-09-30T02:17:41.000Z
151885,WrongAnswer,85cbc921818e03f97353a61589d583062faae155de20fc0294b746a8f54300fd,72.5,first,False,"[8, 9, 10]","[9, 10]","[11, 12]",experiments/2026-09-30/candidates/p1_dirA_c11_v3_meas.py,2026-09-30T02:20:55.000Z
151889,Accepted,9a7fb88a4b2bc6cd458854a1d94788cf00206b16046701ed85290bd88aaa8b9b,81.75,first,True,[],[],[],experiments/2026-09-30/candidates/p1_dirA_c11_v4_meas.py,2026-09-30T02:26:36.000Z
151891,WrongAnswer,65f98b225c966f905514fc51bee6da61092ae1bc4a6260a95764124ce2d4a708,67.67,first,False,[],[],"[11, 12]",experiments/2026-09-30/candidates/p1_dirA_c11_v5_meas.py,2026-09-30T02:29:16.000Z
151893,WrongAnswer,d00a0ad1daad128de9b792dd9d3411e2e48aad8ee1260320ce90d93b67cb0967,67.67,first,False,[],[],"[11, 12]",experiments/2026-09-30/candidates/p1_dirA_c11_v6_meas.py,2026-09-30T02:31:35.000Z
151895,Accepted,06ba520e204f60940a1b1b559ccf6eb71f7fd2ad54d4f0f16246fb9dd9468288,85.58,first,True,"[10, 11, 12]","[11, 12]",[],experiments/2026-09-30/candidates/p1_dirA_c11_v7_meas.py,2026-09-30T02:34:47.000Z
151899,Accepted,06ba520e204f60940a1b1b559ccf6eb71f7fd2ad54d4f0f16246fb9dd9468288,81.83,repeat,True,[],[],[],experiments/2026-09-30/candidates/p1_dirA_c11_v7_meas.py,2026-09-30T02:38:57.000Z
151901,Accepted,7eccae9b9dd9abb9bdf6da91a577b2b1c51f1dfccec328fbb12e2472ec418baf,81.83,first,True,[],[],[],experiments/2026-09-30/candidates/p1_dirA_c11_v8_meas.py,2026-09-30T02:41:16.000Z
151903,Accepted,7eccae9b9dd9abb9bdf6da91a577b2b1c51f1dfccec328fbb12e2472ec418baf,81.92,repeat,True,[],[],[],experiments/2026-09-30/candidates/p1_dirA_c11_v8_meas.py,2026-09-30T02:43:30.000Z
151905,Accepted,2633cc995eb2563e22c1a212df1256141bdc1b520fe841d4dd4c15c0d382e7bf,81.83,repeat,True,[],[],[],p1/references/kernel_v926_measured.py,2026-09-30T02:46:08.000Z
151912,Accepted,938ad5c850fb11c828a90d2e9c5e457c141b5981bc4611dc3c684d1cf43ca9bb,81.92,first,True,[],[],[],experiments/2026-09-30/candidates/p1_dirA_c11_v9_c2clean_meas.py,2026-09-30T02:49:28.000Z
151918,Accepted,938ad5c850fb11c828a90d2e9c5e457c141b5981bc4611dc3c684d1cf43ca9bb,82.75,repeat,True,[],[],[],experiments/2026-09-30/candidates/p1_dirA_c11_v9_c2clean_meas.py,2026-09-30T02:51:35.000Z
151920,Accepted,0e66217e3c4bea25534e7e5402bf16ba44c08d3713692035d54087bd78974871,81.92,first,True,[],[],[],experiments/2026-09-30/candidates/anom_probe/anom_probe_b1.py,2026-09-30T02:58:49.000Z
151922,Accepted,940a6cd4e4604efd247dd4ff2b8e29232b1a59a48aca75df020e8e482761d0ee,81.83,first,True,[],[],[],experiments/2026-09-30/candidates/anom_probe/anom_probe_b2.py,2026-09-30T03:00:56.000Z
151924,Accepted,b2b0637d7662a2c103338e4cf84a77f0c43ac3e3bc1163238354fb1cd19c19a1,81.83,first,True,[],[],[],experiments/2026-09-30/candidates/anom_probe/anom_probe_b3.py,2026-09-30T03:04:31.000Z
151927,Accepted,318dd1b8ef17e6e1c1b7f6a78df952f262561f1f1ca5958cdf159ff4997e7a1e,81.75,first,True,[],[],[],experiments/2026-09-30/candidates/anom_probe/anom_probe_b4.py,2026-09-30T03:06:38.000Z
151933,Accepted,8f3c3a1b551916de4dda1aeb6943f6faf74edf224dd493b4e4f880a91702c8aa,81.83,first,True,[],[],[],experiments/2026-09-30/candidates/anom_probe/anom_probe_c1.py,2026-09-30T03:12:04.000Z
151937,Accepted,2666cbb208d32875f225dbd96140179c515281bda6c274757e3fe1d6dcdd488f,81.83,first,True,[],[],[],experiments/2026-09-30/candidates/anom_probe/anom_probe_b5.py,2026-09-30T03:21:18.000Z
151941,Accepted,9e7a5b161fff568e9cf305547788aaa273d379faa3a317801292fde3c515e93d,81.83,first,True,[],[],[],experiments/2026-09-30/candidates/anom_probe/anom_probe_b6.py,2026-09-30T03:24:13.000Z
152173,Accepted,0f9ae19a66e430d96dc2d1249db76d263fd6badd16697cee711dd955dfdd1eff,82,first,True,[],[],[],experiments/2026-09-30/candidates/anom_probe/anom_probe_c2.py,2026-09-30T09:33:17.000Z
152176,Accepted,7cb849a9cbbb429820c45c7bbb6d073057e078a26cc3e6fc2ec1f3cb4dd2b003,81.83,first,True,[],[],[],experiments/2026-09-30/candidates/anom_probe/anom_probe_c3.py,2026-09-30T09:38:08.000Z
152184,Accepted,cbe1c57c45c9815360319f63c122db0ce84807ebdd9215379e10734164f7c6b5,81.83,first,True,[],[],[],experiments/2026-09-30/candidates/anom_probe/anom_probe_c5.py,2026-09-30T09:42:11.000Z
152193,WrongAnswer,396a301051f61f497f5a5e39d9911be16debd9b93042ee9d8067cca4613d95d3,73.58,first,False,"[9, 10, 11, 12]","[11, 12]","[3, 4]",experiments/2026-09-30/candidates/p1_dirA_c34_v10_meas.py,2026-09-30T09:46:09.000Z
152198,Accepted,c5bc5801e5984844e79ec30b5d01415edbe23df1a11fcba46539c7ae637dcbc9,82,first,True,[],[],[],experiments/2026-09-30/candidates/anom_probe/anom_probe_c6.py,2026-09-30T09:51:13.000Z
152205,Accepted,4b39672981d4a0f17fe97e4505086c2e827fa9865c9d1b93b039e13ba33c36be,87.75,first,True,"[9, 10, 11, 12]","[11, 12]",[],experiments/2026-09-30/candidates/p1_dirA_c34_v11_meas.py,2026-09-30T09:56:41.000Z
152213,Accepted,78229e855c5fa46d0d450ea640a7fad19d3cbc1b055f0ecb1056f7115e039342,81.83,first,True,[],[],[],experiments/2026-09-30/candidates/anom_probe/anom_probe_d1.py,2026-09-30T10:02:47.000Z
152216,Accepted,7aa451aa689abdcf92eddd2b5c4fbb1d83ec4ba32d2adb0a8e985fc8559c4e1d,81.92,first,True,[],[],[],experiments/2026-09-30/candidates/anom_probe/anom_probe_d2.py,2026-09-30T10:06:12.000Z
152219,Accepted,4b39672981d4a0f17fe97e4505086c2e827fa9865c9d1b93b039e13ba33c36be,81.83,repeat,True,[],[],[],experiments/2026-09-30/candidates/p1_dirA_c34_v11_meas.py,2026-09-30T10:09:51.000Z
152222,Accepted,60c4170f04763ffd8cdf6241ee770db5f3de71300e758c998bf7881814d43c99,81.92,first,True,[],[],[],experiments/2026-09-30/candidates/anom_probe/anom_probe_e1.py,2026-09-30T10:13:26.000Z
152223,Accepted,f21d7b02abefebea63d2a53b5d6f30d2fe710b33d526e05b416a8f23171763bb,81.83,first,True,[],[],[],experiments/2026-09-30/candidates/anom_probe/anom_probe_e2.py,2026-09-30T10:15:29.000Z
152227,Accepted,5482793654cff4f662bddae3c2999a86c4bf599f16c078181b875600433ee5a7,81.83,first,True,[],[],[],experiments/2026-09-30/candidates/anom_probe/anom_probe_e3.py,2026-09-30T10:18:10.000Z
152229,Accepted,fcc9ffcd011a2ab6a79330ec50bac6e9e912f322532e88075d2ddd0f5e891846,81.92,first,True,[],[],[],experiments/2026-09-30/candidates/anom_probe/anom_probe_e4.py,2026-09-30T10:21:35.000Z
152232,Accepted,827889b7422e9a1826b4888075ef20278e74f8411fb8cfdf913dd7f1d22f24ca,81.92,first,True,[],[],[],experiments/2026-09-30/candidates/anom_probe/anom_probe_e5.py,2026-09-30T10:23:57.000Z
152235,Accepted,eb589c197b653388d57b6ef801b64d23a4f06935906bc18e3a513fb25cb64060,81.92,first,True,[],[],[],experiments/2026-09-30/candidates/anom_probe/anom_probe_e6.py,2026-09-30T10:26:21.000Z
152238,Accepted,08dd08eb51b1602648d31f0694912466d5de4be48b36d3604465216f8f9089f9,89.08,first,True,"[8, 9, 10, 11, 12]","[10, 11, 12]",[],experiments/2026-09-30/candidates/p1_dirA_c34_v12_far_meas.py,2026-09-30T10:29:22.000Z
152241,Accepted,08dd08eb51b1602648d31f0694912466d5de4be48b36d3604465216f8f9089f9,82,repeat,True,[],[],[],experiments/2026-09-30/candidates/p1_dirA_c34_v12_far_meas.py,2026-09-30T10:34:28.000Z
152245,Accepted,c42e3744863639a6a1ebfa5e2478222b20f66bbc7385720ec6b2c9015234f9f6,81.92,first,True,[],[],[],experiments/2026-09-30/candidates/anom_probe/anom_probe_d3.py,2026-09-30T10:37:52.000Z
152248,Accepted,a840ad14450afe79f9307c04a72b50f68ccc0041fa7fca5d4c0072e9d1b9635f,81.92,first,True,[],[],[],experiments/2026-09-30/candidates/anom_probe/anom_probe_f1.py,2026-09-30T10:42:15.000Z
152251,Accepted,6773e1549eadf22a436ef37e66947cf10e08dee3244d747d7eca958865a32f8d,81.92,first,True,[],[],[],experiments/2026-09-30/candidates/anom_probe/anom_probe_f2.py,2026-09-30T10:44:58.000Z
152252,Accepted,3b47b85de3b00343ff985b69f04b1931f2fed9dacb2cea8b5cdfc6ee5e596569,82,first,True,[],[],[],experiments/2026-09-30/candidates/anom_probe/anom_probe_f3.py,2026-09-30T10:48:02.000Z
152259,Accepted,090c5eccd177d1cacac3fcf55ad4b266b2446ac328f70ead78a4b837c16631bd,82.08,first,True,[],[],[],experiments/2026-09-30/candidates/anom_probe/anom_probe_f4.py,2026-09-30T10:50:25.000Z
152266,Accepted,ea73f872ebaab9e1e92d31b42fac698238919951778233def335b62e086fe841,82.08,first,True,[],[],[],experiments/2026-09-30/candidates/anom_probe/anom_probe_f5.py,2026-09-30T10:53:43.000Z
152281,Accepted,9f74f71f4e45052e4792eb61491799a29fe9e70bd7c1ad5e48041bfa5a94e984,81.92,first,True,[],[],[],experiments/2026-09-30/candidates/anom_probe/anom_probe_f6.py,2026-09-30T10:56:47.000Z
152289,Accepted,9364070dec36b3bd82b329248a8a77483222b3ecb41ed416a102c436a0128ec3,87.58,first,True,"[9, 10, 11, 12]","[11, 12]",[],experiments/2026-09-30/candidates/p1_dirA_c12_v13_meas.py,2026-09-30T11:05:38.000Z
152295,Accepted,9364070dec36b3bd82b329248a8a77483222b3ecb41ed416a102c436a0128ec3,82.33,repeat,True,[],[],[],experiments/2026-09-30/candidates/p1_dirA_c12_v13_meas.py,2026-09-30T11:10:23.000Z
152305,Accepted,247604daa040ada6bb74e4b2b914edd1e73d3bfacf7ce4430b17e2376e5acf77,81.83,first,True,[],[],[],experiments/2026-09-30/candidates/anom_probe/anom_probe_g1.py,2026-09-30T11:15:21.000Z
152313,Accepted,80b12df2f11bb4fb5ab9480599bfe905479dcc3702c2274cd002799ad7ccd9a5,81.92,first,True,[],[],[],experiments/2026-09-30/candidates/anom_probe/anom_probe_g2.py,2026-09-30T11:17:23.000Z
152318,Accepted,e21f782255edf587217e253c6674ffeabbf3a85f747cbd9677d4124dd09cdd55,81.92,first,True,[],[],[],experiments/2026-09-30/candidates/anom_probe/anom_probe_g3.py,2026-09-30T11:19:26.000Z
152322,Accepted,6485848c99dbf3f792c736695f22c570a227726168aff5a49bbad74ed643bf6a,81.83,first,True,[],[],[],experiments/2026-09-30/candidates/anom_probe/anom_probe_g4.py,2026-09-30T11:21:49.000Z
152328,Accepted,5fb8ff356f71c484c2afd3ec8ff091c682b74febcbc4e700593bfbb49bd6ea1e,81.83,first,True,[],[],[],experiments/2026-09-30/candidates/anom_probe/anom_probe_g5.py,2026-09-30T11:23:51.000Z
152333,Accepted,33473217440a5171a7a1d9009889398d70582022e0c107a8eb249dffe7085e0a,81.83,first,True,[],[],[],experiments/2026-09-30/candidates/anom_probe/anom_probe_g6.py,2026-09-30T11:25:53.000Z
152485,TimeLimitExceeded,b0cbf08874e16d075757c56d76fe84e0af4a1e6ea1528b0c01c3c1fcbce44f3f,0,first,False,[],[],[],experiments/2026-09-30/candidates/p1_dirB_c9c10_v14_meas.py,2026-09-30T13:22:10.000Z
152488,Accepted,b0cbf08874e16d075757c56d76fe84e0af4a1e6ea1528b0c01c3c1fcbce44f3f,81.83,repeat,True,[],[],[],experiments/2026-09-30/candidates/p1_dirB_c9c10_v14_meas.py,2026-09-30T13:30:27.000Z
152492,Accepted,3d1d2f7495c46b27470f2a61c9eb07a436bafadc7d1b185cd89377a342251691,81.83,first,True,[],[],[],experiments/2026-09-30/candidates/anom_probe/anom_probe_h1.py,2026-09-30T13:34:46.000Z
152494,Accepted,17a72495a7fa3bb1af8a484db5559d3fdea19ae40d731a10c98f02025f8ebda9,81.92,first,True,[],[],[],experiments/2026-09-30/candidates/anom_probe/anom_probe_h2.py,2026-09-30T13:37:38.000Z
152495,Accepted,2fdb801eb3fe48b55e2a474388e0d50a04abf00a96a2351d57bc9c554cb70c28,81.83,first,True,[],[],[],experiments/2026-09-30/candidates/anom_probe/anom_probe_h3.py,2026-09-30T13:39:51.000Z
152502,Accepted,2e8023dec856cb0332d932589970752f149deba482eafa9b81ee8663f13d11b3,82.08,first,True,[],[],[],experiments/2026-09-30/candidates/anom_probe/anom_probe_h4.py,2026-09-30T13:41:59.000Z
152517,Accepted,cdf968ed7b1d23e30f27f7304f640bfcc43abe8d1efe7e66ca07eb8a1433ed02,81.83,first,True,[],[],[],experiments/2026-09-30/candidates/anom_probe/anom_probe_h5.py,2026-09-30T13:48:40.000Z
152522,Accepted,d695979c4d8ba0c8ef0f19ca9c05dd6899e71dcdf0d9124f298c95baa51f3bbe,81.83,first,True,[],[],[],experiments/2026-09-30/candidates/anom_probe/anom_probe_h6.py,2026-09-30T13:50:45.000Z
152541,TimeLimitExceeded,a7a94ae785bbb7d40bd481b3da345287f701fbf892f59d91865e6d7d55c6087e,0,first,False,[],[],[],experiments/2026-09-30/candidates/p1_c9_pre_v15_meas.py,2026-09-30T14:02:04.000Z
152547,Accepted,a7a94ae785bbb7d40bd481b3da345287f701fbf892f59d91865e6d7d55c6087e,81.75,repeat,True,[],[],[],experiments/2026-09-30/candidates/p1_c9_pre_v15_meas.py,2026-09-30T14:12:14.000Z
152557,Accepted,1a4f7619edead622bef7519bafdf9868dc5547c0b3b67e2d3991bb87f9d110ba,81.75,first,True,[],[],[],experiments/2026-09-30/candidates/anom_probe/anom_probe_i1.py,2026-09-30T14:17:33.000Z
152564,Accepted,bc1355d0152abf6d3bd9ba173a6ec1da4b50d270bc4c4706b8b817b041006186,81.83,first,True,[],[],[],experiments/2026-09-30/candidates/anom_probe/anom_probe_i2.py,2026-09-30T14:20:59.000Z
152569,Accepted,df6e3653a85d97a34ec7bea0b2766c853e8deda183ea8435238e45a1281fce58,81.83,first,True,[],[],[],experiments/2026-09-30/candidates/anom_probe/anom_probe_i3.py,2026-09-30T14:23:44.000Z
152576,Accepted,e1725b489f2cca0fd8e995e023be85eb7b0aeeff206d2116f433e4bea43bd663,81.75,first,True,[],[],[],experiments/2026-09-30/candidates/anom_probe/anom_probe_i4.py,2026-09-30T14:26:39.000Z
152581,Accepted,ee1cc035e9d2cec58929dbc02390a44866f01f495f846f1eee410aa575b3cf0e,82,first,True,[],[],[],experiments/2026-09-30/candidates/anom_probe/anom_probe_i5.py,2026-09-30T14:28:46.000Z
152586,Accepted,d4923b2a31b70c093728b819fdc456a6c3e81b7227fb9545bb773e66b32c697e,81.92,first,True,[],[],[],experiments/2026-09-30/candidates/anom_probe/anom_probe_i6.py,2026-09-30T14:31:52.000Z
