reference,scenario,sum_tk_ms,case_integer_sum,display,assumed_penalty,board,c1,c2,c3,c4,c5,c6,c7,c8,c9,c10,c11,c12
tb_p25,all_minus_0pct,29.6851,976,81.33,10,71.33,79,78,83,85,81,85,81,83,76,77,85,83
tb_p25,all_minus_5pct,28.200844999999997,985,82.08,10,72.08,80,79,83,86,82,85,82,84,77,78,85,84
tb_p25,all_minus_10pct,26.71659,995,82.92,10,72.92,80,80,84,86,83,86,83,85,78,79,86,85
tb_p25,all_minus_15pct,25.232335,1002,83.5,10,73.5,81,80,85,87,83,87,83,86,79,79,87,85
tb_p25,all_minus_20pct,23.74808,1011,84.25,10,74.25,82,81,86,88,84,87,84,86,80,80,87,86
tb_p25,all_minus_25pct,22.263825,1021,85.08,10,75.08,83,82,86,88,85,88,85,87,81,81,88,87
tb_p25,all_minus_30pct,20.77957,1033,86.08,10,76.08,84,83,87,89,86,89,86,88,82,82,89,88
tb_p25,all_minus_40pct,17.811059999999998,1052,87.67,10,77.67,86,85,89,90,88,90,88,89,84,84,90,89
tb_p25,all_minus_50pct,14.84255,1073,89.42,10,79.42,88,87,90,92,89,91,89,91,86,87,92,91
tb_p25,c9_c10_minus30pct,28.34827,987,82.25,10,72.25,79,78,83,85,81,85,81,83,82,82,85,83
tb_p25,c9_c10_minus30pct_c3_c4_c11_c12_minus15pct,27.631465,995,82.92,10,72.92,79,78,85,87,81,85,81,83,82,82,87,85
tb_median,all_minus_0pct,29.6851,977,81.42,10,71.42,79,78,83,85,81,85,81,84,76,77,85,83
tb_median,all_minus_5pct,28.200844999999997,987,82.25,10,72.25,80,79,84,86,82,85,82,84,77,78,86,84
tb_median,all_minus_10pct,26.71659,996,83.0,10,73.0,81,80,84,86,83,86,83,85,78,79,86,85
tb_median,all_minus_15pct,25.232335,1004,83.67,10,73.67,81,81,85,87,83,87,83,86,79,80,87,85
tb_median,all_minus_20pct,23.74808,1012,84.33,10,74.33,82,81,86,88,84,87,84,86,80,81,87,86
tb_median,all_minus_25pct,22.263825,1022,85.17,10,75.17,83,82,86,88,85,88,85,87,81,82,88,87
tb_median,all_minus_30pct,20.77957,1034,86.17,10,76.17,84,83,87,89,86,89,86,88,82,83,89,88
tb_median,all_minus_40pct,17.811059999999998,1053,87.75,10,77.75,86,85,89,90,88,90,88,89,84,85,90,89
tb_median,all_minus_50pct,14.84255,1073,89.42,10,79.42,88,87,90,92,89,91,89,91,86,87,92,91
tb_median,c9_c10_minus30pct,28.34827,989,82.42,10,72.42,79,78,83,85,81,85,81,84,82,83,85,83
tb_median,c9_c10_minus30pct_c3_c4_c11_c12_minus15pct,27.631465,997,83.08,10,73.08,79,78,85,87,81,85,81,84,82,83,87,85
tb_p75,all_minus_0pct,29.6851,978,81.5,10,71.5,79,78,83,85,81,85,81,84,77,77,85,83
tb_p75,all_minus_5pct,28.200844999999997,987,82.25,10,72.25,80,79,84,86,82,85,82,84,77,78,86,84
tb_p75,all_minus_10pct,26.71659,998,83.17,10,73.17,81,80,85,87,83,86,83,85,78,79,86,85
tb_p75,all_minus_15pct,25.232335,1006,83.83,10,73.83,82,81,85,87,83,87,84,86,79,80,87,85
tb_p75,all_minus_20pct,23.74808,1013,84.42,10,74.42,82,81,86,88,84,87,84,86,80,81,88,86
tb_p75,all_minus_25pct,22.263825,1023,85.25,10,75.25,83,82,87,88,85,88,85,87,81,82,88,87
tb_p75,all_minus_30pct,20.77957,1034,86.17,10,76.17,84,83,87,89,86,89,86,88,82,83,89,88
tb_p75,all_minus_40pct,17.811059999999998,1053,87.75,10,77.75,86,85,89,90,88,90,88,89,84,85,90,89
tb_p75,all_minus_50pct,14.84255,1075,89.58,10,79.58,88,87,91,92,89,91,89,91,87,87,92,91
tb_p75,c9_c10_minus30pct,28.34827,989,82.42,10,72.42,79,78,83,85,81,85,81,84,82,83,85,83
tb_p75,c9_c10_minus30pct_c3_c4_c11_c12_minus15pct,27.631465,997,83.08,10,73.08,79,78,85,87,81,85,81,84,82,83,87,85
