case,T,H,E,I,topk,tk_median_ms,tk_min_ms,tk_max_ms,tb_median_ms,q_fixed_tb,next_q,next_tk_ms,next_reduction_pct,min_logged_sqnr,useful_TFLOPS,fp8_weight_GiB,mean_rows,down_scratch_MiB,fp8_scratch_read_write_plus_output_MiB,continuous_raw_sensitivity_per_ms
1,16384,4096,8,8192,2,4.6025,4.594,4.617,17.657,79,80,4.41425,4.090168386746329,23.12,1433.3665978611625,0.75,4096.0,128.0,384.0,0.29696472269477336
2,16384,4096,8,14336,2,7.8535,7.831,7.922,28.7095,78,79,7.631639240506331,2.824992162649387,23.14,1470.0289159798815,1.3125,4096.0,128.0,384.0,0.17896196431556363
3,16384,2048,32,2048,4,1.354,1.338,1.363,6.9295,83,84,1.319904761904762,2.518112119293814,22.7,1218.0704886735598,0.375,2048.0,128.0,320.0,0.8415751436543388
4,16384,2048,32,1024,4,0.787,0.78,0.795,4.964,86,87,0.7417471264367813,5.750047466736818,22.98,1047.8192132554002,0.1875,2048.0,128.0,320.0,1.2507306469110484
5,8192,3584,64,2560,8,2.7495,2.74,2.773,12.099,81,82,2.6558780487804876,3.405053690471438,23.13,1312.155856933988,1.640625,1024.0,224.0,504.0,0.45730196135745366
6,8192,3584,64,1024,8,1.2440000000000002,1.243,1.248,7.497,85,86,1.2204418604651168,1.8937411201674803,22.93,1160.0554754469451,0.65625,1024.0,224.0,504.0,0.8176812220119237
7,16384,4096,96,2048,3,2.181,2.179,2.188,10.277999999999999,82,83,2.105132530120483,3.4785634974560886,23.12,1134.2967274167813,2.25,512.0,192.0,512.0,0.5517736992650123
8,16384,4096,96,1024,3,1.23,1.229,1.232,7.1675,85,86,1.166802325581396,5.138022310455614,22.9,1005.6508790634147,1.125,512.0,192.0,512.0,0.8470058903099895
9,4096,4096,256,2048,8,2.443,2.439,2.452,7.7665,76,77,2.3198636363636362,5.040375097681693,23.13,675.0992393221449,6.0,128.0,128.0,288.0,0.6209192919702364
10,4096,4096,256,1536,8,1.8885,1.877,1.903,6.6795,77,78,1.8839615384615391,0.24032097105961547,23.11,654.9910411691819,4.5,128.0,128.0,288.0,0.7582349388557166
11,65536,1024,32,1024,2,0.8725,0.872,0.875,5.679,86,87,0.8485862068965514,2.740835885782078,23.14,945.1389350510028,0.09375,4096.0,128.0,384.0,1.102577515786152
12,65536,1024,32,2048,2,1.473,1.472,1.474,8.163,84,85,1.4405294117647063,2.204384808913362,22.9,1119.6656087331976,0.1875,4096.0,128.0,384.0,0.7326135853149278
