case,T,H,E,I,k,tk_ms,tb_ms,q,next_drop_pct,M,mean_M_per_expert,useful_TFLOPs,effective_TFLOPs_per_second,weight_GiB,act_MiB,padded_capacity,extra_padded_act_MiB_max,dscl_MiB_compact,sqnr_min
1,16384,4096,8,8192,2,4.6,17.682,79,3.902173913043483,32768,4096.0,6.597069766656,1434.1456014469566,0.75,256.0,33792,8.0,2.0,23.12
2,16384,4096,8,14336,2,7.857,28.736,78,2.778623592926055,32768,4096.0,11.544872091648,1469.3740730110728,1.3125,448.0,33792,14.0,2.0,23.14
3,16384,2048,32,2048,4,1.348,6.938,83,1.9641090857708265,65536,2048.0,1.649267441664,1223.492167406528,0.375,128.0,69632,8.0,2.0,22.7
4,16384,2048,32,1024,4,0.795,4.943,86,7.0931829682643555,65536,2048.0,0.824633720832,1037.2751205433963,0.1875,64.0,69632,4.0,2.0,22.98
5,8192,3584,64,2560,8,2.76,12.071,81,3.9952279957582215,65536,1024.0,3.60777252864,1307.163959652174,1.640625,160.0,73728,20.0,3.5,23.13
6,8192,3584,64,1024,8,1.246,7.471,85,2.390906715442853,65536,1024.0,1.443109011456,1158.1934281348315,0.65625,64.0,73728,8.0,3.5,22.93
7,16384,4096,96,2048,3,2.18,10.252,82,3.6785674809328484,49152,512.0,2.473901162496,1134.8170470165137,2.25,96.0,61440,24.0,3.0,23.12
8,16384,4096,96,1024,3,1.232,7.157,85,5.4307610993657,49152,512.0,1.236950581248,1004.0183289350649,1.125,48.0,61440,12.0,3.0,22.9
9,4096,4096,256,2048,8,2.439,7.724,76,5.40513197339767,32768,128.0,1.649267441664,676.2064131463715,6.0,64.0,65280,63.5,2.0,23.13
10,4096,4096,256,1536,8,1.857,6.679,78,4.392548209648028,32768,128.0,1.236950581248,666.1015515605816,4.5,48.0,65280,47.625,2.0,22.69
11,65536,1024,32,1024,2,0.858,5.668,86,1.2887495646116798,131072,4096.0,0.824633720832,961.1115627412588,0.09375,128.0,135168,4.0,2.0,23.14
12,65536,1024,32,2048,2,1.446,8.134,84,0.7322431047107281,131072,4096.0,1.649267441664,1140.5722279834026,0.1875,256.0,135168,8.0,2.0,22.9
