case,T,H,E,I,topk,local_experts,replicated_rows_per_expert,ep_rows_per_expert,exact_v842_samples,tk_mean_ms,tk_median_ms,tk_min_ms,tk_max_ms,tk_sd_ms,tb_reference_samples,tb_median_ms,tb_p25_ms,tb_p75_ms,tb_min_ms,tb_max_ms,standardized_case_score,next_integer,next_integer_tk_limit_ms,selected_target,selected_target_tk_limit_ms,selected_target_gap_ms,selected_target_needed_reduction_pct,actual_target_crossings,actual_score_min,actual_score_max,all_observed_crossings_needed_reduction_pct,continuous_case_points_per_ms,continuous_problem_points_per_ms,min_logged_sqnr_db
1,16384,4096,8,8192,2,2,4096.0,16384.0,10,4.6701,4.638,4.598,4.773,0.06889839540140891,20,18.0045,17.9145,18.09025,17.879,32.819,79,80,4.501125,80,4.501125,0.16897499999999965,3.618230873000572,2,79,87,5.701476793248938,3.5018843246562716,0.29182369372135597,23.12
2,16384,4096,8,14336,2,2,4096.0,16384.0,10,7.9478,7.9365000000000006,7.814,8.1,0.12231271397528555,20,28.8465,28.75725,28.9065,28.706,29.025,78,79,7.668056962025315,79,7.668056962025315,0.2797430379746846,3.519754371960604,0,77,78,5.787154242850456,2.1307477419546834,0.17756231182955695,23.14
3,16384,2048,32,2048,4,8,2048.0,8192.0,10,1.4074,1.4045,1.393,1.427,0.013993649353268179,20,7.0344999999999995,7.00975,7.18175,6.928,11.695,83,84,1.3399047619047617,84,1.3399047619047617,0.06749523809523827,4.79573952644865,3,83,89,6.584899969840152,9.870810793257839,0.8225675661048198,23.19
4,16384,2048,32,1024,4,8,2048.0,8192.0,10,0.8351999999999999,0.8345,0.823,0.846,0.006356099432828287,20,5.0165,4.9822500000000005,5.04825,4.891,6.052,85,86,0.8166395348837209,86,0.8166395348837209,0.018560465116279068,2.2222779114318802,5,85,87,4.076639727307696,14.64996916575009,1.2208307638125075,23.19
5,8192,3584,64,2560,8,16,1024.0,4096.0,10,2.8495,2.8365,2.817,2.884,0.029714381104852958,20,12.678,12.63975,12.70625,12.572,13.64,81,82,2.7829756097560976,82,2.7829756097560976,0.06652439024390233,2.3345987100860666,1,81,82,4.243326957905258,5.25832798660097,0.4381939988834142,23.13
6,8192,3584,64,1024,8,16,1024.0,4096.0,10,1.3283,1.3199999999999998,1.314,1.347,0.013952697867358074,20,7.603,7.573499999999999,7.63725,7.551,7.867,85,86,1.2376976744186046,86,1.2376976744186046,0.09060232558139547,6.82092340445648,0,84,85,8.515019379844958,9.531376732392925,0.794281394366077,23.14
7,16384,4096,96,2048,3,24,512.0,2048.0,10,2.3057,2.2895000000000003,2.282,2.339,0.023953890892481053,20,10.266,10.149999999999999,10.29175,10.111,10.532,81,82,2.2535121951219512,82,2.2535121951219512,0.05218780487804864,2.2634256355141047,0,81,81,4.79984149991135,6.495509798305094,0.5412924831920912,23.12
8,16384,4096,96,1024,3,24,512.0,2048.0,10,1.3489,1.3439999999999999,1.336,1.374,0.013042239071570504,20,7.1585,7.0665000000000004,7.20775,6.957,7.806,84,85,1.263264705882353,84,1.3635238095238096,-0.014623809523809594,-1.0841285138861068,6,83,85,2.5630252100840356,9.890729475648682,0.8242274563040568,23.12
9,4096,4096,256,2048,8,64,128.0,512.0,10,2.51,2.508,2.484,2.544,0.01983263304085804,20,8.3935,8.324,8.41875,8.288,8.44,76,77,2.5071493506493505,77,2.5071493506493505,0.0028506493506492703,0.11357168727685885,6,76,77,2.475904598546119,7.060106282336132,0.5883421901946776,23.13
10,4096,4096,256,1536,8,64,128.0,512.0,10,1.9461,1.9455,1.921,1.972,0.016051652735950772,20,6.683,6.60275,6.72525,6.569,6.789,77,78,1.884948717948718,78,1.884948717948718,0.06115128205128184,3.1422476774719654,0,77,77,5.572892286888232,8.975123995578453,0.7479269996315377,23.11
11,65536,1024,32,1024,2,8,4096.0,16384.0,10,0.9652999999999999,0.9635,0.96,0.972,0.0051218486246016074,20,5.6475,5.612,5.670249999999999,5.579,5.708,85,86,0.919360465116279,86,0.919360465116279,0.045939534883720934,4.759094051975654,0,85,85,6.181591741910763,12.914733944049678,1.0762278286708065,23.31
12,65536,1024,32,2048,2,8,4096.0,16384.0,10,1.5708,1.5675,1.555,1.592,0.014358891941155433,20,8.152999999999999,8.138,8.166500000000001,8.106,9.693,83,84,1.5529523809523806,84,1.5529523809523806,0.017847619047619334,1.1362120605818316,1,83,85,2.404881550610194,8.622742301608588,0.7185618584673823,23.25
